users,repository
06wj,2
0ran9e,3
0x73,1
1060NetKernel,1
18F,1
1and1,3
1div0,1
2014-OO3,4
234satwant,1
24pullrequests,1
3dshax,2
3dxl,5
4X3L,1
4what,1
523860169,1
53ningen,1
583132460,6
583472074,1
5aurabhK,2
6si,1
6to5,20
720kb,2
79144876,3
7comp,4
810,2
87surendra,1
957651480,1
9smart,1
A133006,1
ACRA,1
AEnterprise,1
AFNetworking,2
AHartNtkn,1
AKuHAK,1
Aameer,4
Abbe98,1
AbdulazizAlaa,1
Abeer-y,2
AberApp,1
AbhijitJha,2
AcademicAssembly,1
ActiveForums,1
ActiverLtd,1
ActivisionGameScience,3
AdBlockPlusIsrael,1
AdamLaurie,1
Adaptivity,1
AdeTroake,4
Adeline-Wei,2
Adidaz,1
AdrianoMartins,1
AdrieanKhisbe,1
Ads-Project,1
Adward-R,2
Aeirex,1
Aerath,1
Aercus,3
AgonLohaj,2
AhmedShafei,1
Alamofire,1
Albacore,3
AlderArts,1
AlexanderDzhoganov,2
Alistanis,2
Aliusman050,2
Alkalinee,1
Alkorin,2
Allyooop,1
Aloshi,1
Althox,1
Alucard24,2
Amogh1001,1
AnasAlotaki,2
AnastasiaTamazlykar,2
Andrew-Machen,1
Angelfirenze,3
Ankoa,2
AnnaMoudra,1
AnselmeClergeot,1
AntSworD,6
AnthonyBobsin,2
Antidelay,4
Antinomy,1
Anysysjgw,1
Appebyte,1
AppliedEnergistics,1
AppliedMathematicsANU,1
Applier,5
Aquariusirfan,2
Araq,4
Ardavel,2
ArmandGrillet,1
Arnie97,7
ArthurPERE,1
ArtisanCode,1
Arunkumarakp,6
AsAddict,1
AsdFinal,2
AsgardCms,2
Ashraf-Alzoubi,2
AsteroidTracker,2
Astonex,4
AsyncHttpClient,1
Atekihcan,1
Athletto,1
Atlanssia,2
Atlantiss,3
AtomLinter,1
AtomicGameEngine,1
AttackOnDobby,1
Atvaark,5
Aufree,1
Automattic,5
Avedo,2
Avene,2
Awcrr,1
AxelRL,7
Aymenworks,8
Azanor,6
Azianyo,1
B4k3m0n0,1
BBK-PiJ-2014-33,1
BHouwens,1
BJUT-Agile-Group,3
BSI-Business-Systems-Integration-AG,1
BYU-MicrostructureOfMaterials,1
BabyChakraborty,1
BadBoy-Ultimate-Raider,1
Baldmaster,1
BalsbyMange,1
BambooIV,1
Bdot42,1
BeSite,1
Beaten-Sect0r,1
BehlurOlderys,1
BenBrostoff,1
Bennell,1
Benni-chan,3
Benom84,1
Bernardo-MG,6
BetterCrypto,1
BevoTechPack,1
BibianaC,1
Bidouille,1
BigNoid,2
BimbaLaszlo,1
BioSyntheticDesigns,3
BitFountain,10
Bitergia,1
Bitmessage,1
Bitti09,1
Blimeo,18
BolHTTF,2
BorisChumichev,1
Bowevil,1
BradLarson,1
BrewTestBot,8
Brijendrasial,4
BruTile,1
Bruce-Connor,2
BudCode,1
C13L0,3
CCI-VirtualAdviser,1
CODeRUS,1
CPAN-PRC,1
CRXTeam,2
CS179-14-2014-2015,1
Cabris,1
Cacodaimon,2
Caio99BR,2
Callisto13,1
Camiel-van-Rijen,1
CanaryModTeam,2
Caravel2,4
Carthage,5
CasanovaTapia,1
CatBlock,2
CatTail,1
CathyZH,1
Catlinman,1
CentaurWarchief,1
CertiPay,1
Chaomoon,1
Che-Shir,1
ChelseaStats,1
ChenCody,1
Chennaipy,4
Chessnut,1
ChiWang,1
ChicagoVeg,2
Chocobo1,1
Chris927,3
Christopherpl,1
Chrisxwh,4
Chuck-Berry,5
Cincinesh,1
CivicKnowledge,2
CladNKaos,1
ClemensAhrens,4
CleverRaven,2
CloudSixteen,2
Cmdu76,2
Cockatrice,5
CocktailJS,1
Code4SA,4
CodeAdventure,2
Coders-Tree,7
Cofyc,1
CoincoinNico,1
ColinDuquesnoy,1
ComFreek,3
CommitEveryday,2
CompileInc,1
ConfirmedMel,1
Conglang,1
Continue113,2
Contron,1
Coppolaemilio,1
Corrax,1
CorsixTH,1
Courseplay,6
CraZySacX,1
Craftolution,2
CrazySquid1,1
CrazyWeasel,1
CrearAyT,2
CreatorB,1
CriticMarkup,1
Crzyrndm,1
CubeEngine,3
CyTeam,5
Cyan4973,1
Cybermaxke,1
CymatiCorp,4
D-Alex,1
D-MBLD,1
D-Programming-Language,5
D0nBilb0,3
DHrpcs3,2
DJMelonz,2
DJgamer98,2
DMaiorino,1
DSB,1
DY357LX,1
DaHofa,1
DaftMonk,1
DalekVoid,1
Dalthar,3
DanChianucci,1
DanielGorlo,1
DanielRuf,1
DarkFenX,1
DarkTwisterr,1
DarrenCook,1
DaveVoorhis,2
Daverball,1
DavidGeek,1
DavidPH,1
DavidWangQD,2
Dax89,1
DeKugelschieber,1
Deathamns,1
Deathangel908,1
DeclarativeGraphics,5
DeeJee,18
DeeKras,4
DennisKehrig,2
DennisPallett,1
Depicus,3
DerHexer17,2
DerRomtester,1
Derathir,8
DesertLynx,2
DevPress,1
DiGro,1
Dica-Developer,4
DilshadGit,2
Dimitris-Kouzapas,1
Dinoshauer,2
DionysiosB,2
DirtyHackSoft,1
DiskiSpor,1
DocOcassi,1
Dogfalo,3
Dokman,1
DominikGorecki,1
Dominykasrr,3
DoomRobotBoy,4
DougC,1
DownloadMii,6
DozerMapper,1
DrScKAWAMOTO,5
DragonBe,5
DragonFlyBSD,6
DragonSpawn,1
DrakeSharp,5
DrawKit,1
Dronevery,2
Dwillcocks,4
DylanMunyard,5
DylanYu,1
DynamoDS,15
Dynious,6
Dzikoysk,2
EFForg,4
EOL-Labs,1
Eddlm,3
Eddy0402,1
EddyVerbruggen,1
EgoSumDeus,2
Elcaten,1
ElectronicPermits,2
Elethom,2
Ellorion,1
Elmister,1
ElsaBonnaud,7
Emdek,3
EmilAleksandrov,3
EmpathyApp,3
Enelar,1
EnoF,2
Enter91,2
EnterpriseQualityCoding,1
Eonasdan,1
Epix37,1
EricSchles,3
Eronana,1
ErshKUS,8
EtchedPixels,1
EuclideanROM,1
EvanHongYousan,1
Exilz,3
FKint,4
FWidm,1
FY811043695,1
FabrizioBrancati,1
Faisal-Hassan,5
Famous,2
Farrael,1
Fasgort,1
Faustpeace,1
FeLaQu,1
FearTeamDevelopers,1
FedericoQuintas,1
FelippeMauricio,2
FelisCatus,9
FelixLC,1
FellowRoboticists,1
FelonyPHP,1
FengXingYuXin,2
Fengdalu,1
FenixEnterprise,3
FiLeVeR10,10
FikriDeha,1
FineUploader,1
Firecage,2
Fisab,1
FiveMinuteGeekShow,1
FlarisGuan,3
Flaxbeard,2
Flydroid,2
FortAwesome,3
FortuneZhang,2
FoxelBox,1
FranGM,1
FrancescElies,1
FreeCodeCamp,1
Frexuz,3
FriedCircuits,1
FriendCode,4
FrontendMagazine,2
FroyoAndroid,1
FrozenCrash,8
Fumes007,1
Funbit,8
FuriKuri,5
FusionSP,2
FuzzyAutocomplete,1
FxOSBuilds,1
GHScan,1
GNOME,4
GSMCustomEffects,20
GTi-Jr,8
Gankro,1
GaryCarneiro,1
GeeH,2
GeekZooStudio,1
GeertJohan,2
Gen2ly,1
GeneAssembly,1
Gentaro,1
GeoKnow,1
GeoffWilson,2
GerryG,1
Gertjanpfsense,1
GigaSpaces-QA,2
Gizra,1
Gobbles86,2
GoldenCheetah,3
Gonster,2
GoogleCloudPlatform,2
GooseYArd,2
GorjanGOA,4
GovindenJerome,2
Gpas,1
Graylog2,2
GreatDevelopers,2
GriffinSauce,1
Grishu,1
GrupaZero,5
Gugu42,1
GuidoAndFriends,1
GuillaumeDIDIER,1
GumbyFramework,1
GwenIves,1
HUSACCT,1
HackerNews,2
HakurouKen,1
Halleck45,1
Haneke,1
HarveyLab,2
HashNuke,3
HeeJuLee,1
HeliosRealms,1
Hellhake,1
Hellsing,2
HenrikJoreteg,1
HermitApp,5
High-rise9999,1
Himenon,1
Hiroyuki-Nagata,1
HmZ0,6
HoTT,1
Hoanoho,1
HobeXD,1
Hokan22,3
Holarse-Linuxgaming,1
Homebrew,8
HongxuChen,7
HorseMD,1
Hossein-Boka,1
HouseMonitor,1
HoverRace,5
HubuXFCY,1
Huuf,1
Hybrid-Force,1
Hypersonic,3
IDeaSCo,4
IEMustDie,5
IIJ-NetBSD,1
IL2HorusTeam,13
ILIEKPIEE,2
IORoot,1
IanDarwin,1
IanHutchinsonGitHub,1
IanLunn,1
IcedDoggie,2
Ikagaka,2
Iktwo,2
Imgur,1
Inertar,10
InfamousProductions,1
IntellectualCrafters,2
InternetDevels,6
InusualZ,1
InvyJulia,1
IonKiwi,3
IonicaBizau,1
Irdis,1
Irkka,1
IronSummitMedia,2
Iryaz,1
IsabellaAzu,5
Issacw0ng,1
Izaron,1
JBJeongbinKim,1
JColuch,1
JFreegman,1
JJCLane,1
JNyknn,1
JTrefzger,3
JackTeam,1
JacobKun,2
JacquesCarette,1
JadeBoumaza,1
JakeWharton,1
JamesMGreene,2
JamesPaulKey,1
JamesTing,3
JamesWilko,1
Jamesking56,1
JamieAppleseed,1
JarrodCTaylor,1
JavaZhikun,3
JayFang1993,1
JayXon,1
JeanDamien,1
JedWatson,1
JeffPyeBrook,1
Jeffrey700,1
JeffreyWay,1
Jeffwan,1
Jeija,2
Jermolene,3
Jias,2
JigarM,1
Jimx-,2
Jingasan,1
JinweiClarkChao,1
Jmlevick,1
Jo7j,2
JoanZapata,1
JoaoPedroPinheiro,1
JobsDAN,2
JoeCohen,3
JoeHF,1
Joesbeyond,1
JohannesHoppe,1
John-Chan,2
JohnSimonCo,1
JohnTheCrow,1
JohnTroony,1
Jojo-Schmitz,1
JonhSHEPARD,2
JoshOY,1
JoshSmith,1
JoshuaJiangFD,1
Ju2ender,1
JuanitoFatas,2
Judge-Team,1
JuliaLang,14
JunZhuSecurity,1
JustCameron,1
JustMaier,1
K15000HU,2
KDamir,2
KHerron,1
KKamijo,1
KOManderSpawn,1
KSP-CKAN,17
KabbAmine,2
Kadenwxz,1
Kameshwaran,5
KamiIntelligence,1
KarelCasier,1
Karhide,2
KasperJanssens,1
KateAdams,3
Kaustubh-Deshmukh,2
Kazade,3
Kdecherf,1
KeenS,3
KenanSulayman,80
Kennyc1012,2
KentaroIwase,1
Kerosene2000,2
Kerwood,1
KevinHoward,1
KhaledSami,2
Khan,3
Khaon,2
KhoiNguyenTMA,2
Khroki,2
KiCad,2
Kindnesscove,4
Kitsune-,1
KnowSheet,2
Kodiologist,1
KoffeinFlummi,2
KonstaT,2
KonstantinWurster,2
Korilakkuma,2
Koutetsu666,3
Kovak,1
Kozea,1
Kramspill,1
KrauseFx,1
Kryptopay,2
Kurt68,3
KwangKa,1
L2J,2
LAB-Programming,1
LCTT,2
LLafodog,1
LMMS,1
LWJGL,1
Labs64,1
Labyrins,1
Laeeth,1
LaloHao,1
LancelotGT,1
Lansoweb,1
Lasse-B,2
LatinWarrior,1
Laxamer,1
LeBoozer,1
LeagueSharp,9
LearnBoost,3
Learningroots,1
Leimi,1
LeonGuo1988,2
Lexaloris,3
LightTable,1
Lineflyer,1
LingxianKong,1
LinhTruongVan,1
LinusU,2
LinuxPXEServer,2
LipkeGu,4
LiquidSmooth,1
LiuLang,1
LiuRuian,1
LiuSmile,1
LiveTex,1
LnxPrgr3,2
LoDoMa,1
LordShevron,1
LostBetaCode,1
LostCrew,1
Loubotics,4
LouisStrous,1
LoyolaChicagoCode,10
Luc-05,1
LucasZheng,2
LucidOne,1
LucidWorks,2
Luigifan,1
Luk3s,1
Lunatrius,1
LureBreaker,4
Luuking,2
Lysisc,1
M0nica,1
M4v3R,1
MACaselli,2
MBuchalik,1
MCProHosting,1
MCSN-project2014,2
MCodingHero,1
MD2012,2
MJ-Shen,2
MJKWoolnough,3
MORWAL,1
MTG,1
Maciej001,1
Mackolicious,2
MadMax1983,1
MadPolaris,1
MaelstomTeam,1
Mageswaran1989,2
MajorMadness,1
MakeNowJust,2
Makki1,1
Malinskiy,1
Manabu-GT,1
ManuelDeLeon,1
Manuinfo,1
MarathonData,1
MarkEWaite,3
Marketcircle,4
Martin-Stangl,1
Martstol,1
MarvAmBass,1
Mashpy,1
MasterRoot24,4
Matt-Esch,1
MattParker89,1
MatthewDarling,1
MatthewMueller,1
Mattias-,1
MattisLind,1
Mattkx4,6
Matwilk,1
MaxRink,11
McCrypto,2
MediaPortal,1
Medo42,1
MegaPirateNG,1
MehdiSv,1
MeirKriheli,3
Melify-Toolkit,9
Metalica,1
Metazion,2
Metropolice,1
Meumeu,1
MhMadHamster,2
MiCode,3
Microduino,1
Microsoft,1
MiguelCastillo,5
MinecraftForge,2
Minux31,2
Miradorn,1
Mirroar,1
Mithion,1
MizzleDK,3
MoatazNegm,1
ModeenF,1
Modernizr,4
ModuleLoader,1
MoeKit,1
MongoEngine,1
Montellese,1
Mooophy,3
MorseLang,2
MortimerMcMire315,1
MostafaGazar,1
MovingBlocks,1
Mr1024,1
MrEngineer13,1
MrGregorix,5
MrJacek,1
MrManhattan,1
MrWitt,5
MugenMvvmToolkit,1
MultiMC,2
Murodese,1
Musbiha,1
MyRobotLab,6
MysticCity,1
NCCastillo,13
NamTThai,1
NamelessRom,6
Naoya-Takashima,1
NathanBastiaans,1
Navid777,5
NepLiang,1
Nercury,2
Netflix,6
Ngoguey42,1
NiGGa,5
NikSethi,1
Nikku,1
Niktux,1
Nilhcem,1
NilsDarphin,1
Nitrooos,2
NixOS,3
No-CQRT,14
NoamB,1
NoamBO,1
NodeBB,1
NodeOS,1
NordicSemiconductor,1
NovaS,1
Nuke928,1
NyoTheNeko,1
OCA,2
OHSystem,1
OKyJIucT,3
OQO,3
OTRS,5
OVER9K,1
Octane,4
Oderik,2
OdysseyUA,1
OhMyBank,1
Oldache,1
OlegGetm,4
OlegKi,1
Olgagr,1
Olivier-Daire,1
Ombridride,1
OoliteProject,1
OpenBCI,1
OpenBudget,2
OpenELEC,5
OpenEmu,1
OpenHFT,1
OpenLightingProject,36
OpenRA,6
OpenRefine,1
OpenSC,2
OpenSecurityResearch,1
OpendataCH,1
OptimalOrange,1
OresomeCraft,1
OscarGodson,1
OskarKlintrot,1
OttoRobba,1
P1xt,1
PCGen,1
PH111P,4
PHPMailer,1
PHPerWu,4
PM-XingYi,2
PMashaI,3
PX4,4
Paamayim,2
Pagawa,1
PanZeYong,4
Panagiotisegl-SAMP,1
PaperAirplane-Dev-Team,1
ParticularLabs,1
PartyPri,2
Passw0rm-HE,2
PatKeeler,1
Pathgather,5
PaulFreund,1
PaulStoffregen,1
PavelMr,1
Payum,3
Paz23,2
PearsonCCsoC,1
PecanProject,2
PenguinToast,1
Perl,1
PeterReid,2
PetrNSK,1
Phamnuven,1
PhantomWolf,1
Phata,2
PhilippSpo,1
PhilippePerret,4
PirosB3,1
PiterEL,1
PixelRocket-Biz,3
PkmX,1
Ploppz,1
PocketMine,2
Pomax,1
Poornaprajna-Technologies,3
PortalsForDevoloping,1
Portobello,2
PostgresApp,1
PoulpiFr,1
Prakash14,1
Praveen-Innocent,3
PreetamJinka,2
PrestaShop,1
Privatik3,3
ProfYaffle,1
ProfessorKaos64,3
Project-OSRM,2
ProjectManagementSystem,5
Projjol,1
PromGames,3
ProtoRINA,1
PrusekC,2
PtitBlond,2
PuRonglong,6
PulliamLab-UFL,1
PurePlugins,1
PwnDoRa,1
QBCo,1
QSanguosha,1
QUSEIT,1
Qmunity,2
Quick,1
QuinnPainter,1
R-OG,8
RMerl,1
ROODAY,2
RR-L9,2
RSSchermer,1
RSamokhin,1
RStankov,1
RYTong,1
RadoslawOsinski,5
RafalMol,4
RaiMan,1
RailsApps,2
Rainbotter,1
Raiseupcreativity,5
Ramblurr,1
Ramotion,1
Randati,1
Rannie,1
RaoulV,1
RasPat1,1
Ratmir15,1
Raulfin,9
Ravenga,1
Ray-Di,3
Reactive-Extensions,1
ReactiveCocoa,2
Realcraft,2
ReneUnrau,1
RequestPolicyContinued,1
ResurrectionRemix,6
Reverp,1
Revolutionary-Games,2
Reyft,1
ReyzaPS,1
Ricorei,1
RigelOrionBeta,2
RigsOfRods,2
Riimu,1
Rise-Vision,1
Rishirajverma,1
RobinPerris,3
Roboticseo,1
Rolos,2
RomzesRover,3
Rorchach,2
RoryCrispin,1
Rosuav,1
Ruiqi-Alipay,1
RupertJS,2
RusticiSoftware,4
Rythal,3
SBPrime,1
SBerda,1
SFPC,3
SFTtech,3
SOM-st,2
STALKER2010,1
STRML,6
SUTFutureCoder,1
Sadchant,3
Safatullah,4
Saftblandaren,1
Saisi,4
SamHerbert,1
SamHurne,2
SamWhited,7
Samitier,1
SamuelWang,12
SamyPesse,2
SanketDG,1
Sanuch,5
Sarvesh1990,1
SaschaWillems,1
SassDoc,2
SatanWoo,2
Satish522,1
SavioAbdou,1
Scalarm,2
Scalpelcn,1
SchemaPlus,3
Sciss,1
Screeder,1
ScruffR,1
Seaal,3
Seank23,1
SeattleTestbed,6
SebMuek,1
Sec42,1
SecUpwN,8
SeerUK,1
SeleniumHQ,11
Semantic-Org,2
SeoulTech,1
SeraphimSense,1
SergeySalnikov,1
ServUO,1
ShaastraWebops,3
Shad0wB1ade,1
ShadowApex,1
Shady-khan,1
Shajeel-Afzal,1
Shamrel,1
Sheleng,12
Shevchik,1
ShikharArvind,1
Shippable,1
ShopCredo,1
Shougo,1
Show-Me-the-Code,1
Shywim,1
SiCKRAGETV,1
Sidchivate53,2
Siddhant-Tyagi,1
SignalK,1
SignalR,1
SilentStar,1
Simcon,2
SimonKagstrom,1
SimonPadbury,1
SimoneArena,1
SimpleLance,7
SingleByte,1
SirSaleh,2
Sjeiti,1
SkepticalHippo,1
SkyIsTheLimit,1
SlexAxton,2
SlimRoms,3
Sloth6,1
SlowlyTeam,1
Sloy,2
SmartHomeRobot,1
Snailsoft,6
SnowdreamFramework,1
SnowflakePowered,1
SolidRun,1
SolidSoils,2
SonOfLilit,1
SonarCommunity,1
SonarSource,6
SonyWWS,1
SoulArcangel77,2
Southparkfan,1
SparkDevNetwork,2
SparkMonkay,1
SpiderLabs,1
SpigotMC,1
SpiritOfStallman,1
Spondoolies-Tech,1
SpottedRabbit,1
SrJosue1,1
Ssoap,1
St3eT,2
St7ven,2
StackStorm,4
StaffanSvedin,2
StanKocken,1
StartEnd,5
SteamDatabase,8
SteamedFish,3
StefanBertels,2
StefanRvO,1
StefanescuCristian,2
StefanoVuerich,1
StevenMaude,7
StevenSLXie,2
StevenThuriot,1
StevenXL,1
Stono,1
Stormatree,3
Str3iber,1
StraboSpot,1
SuaveIO,10
Subito-it,1
SukeBeta,1
SundeepK,1
Supertext,2
SushantKafle,1
SvichkarevAnatoly,1
Switchsama,1
Swoot1,2
Sycend,1
SylvainPlessis,3
SylvrG,3
SynapLink,1
SystemDot,1
T-Masaaki,1
TAILdevlopment,2
TAMUArch,4
TEAM-SAT,3
TEOS-10,2
TKatra,1
TREX-ROM,1
TS3Tools,2
TTLabs,1
TTMTT,4
Tabbedout,1
Taeradan,1
Tahi-project,1
TakayukiCho,1
TalaatHarb,1
Tambe257,2
Tarrasch,1
TassLehoff,4
Tchaak,1
Team-CodeCraft,4
Team-OctOS,1
Team-Validus,3
TeamHackLG,2
TeamProjektWS1415,1
TeamSOC,1
TechStack,1
TechnicPack,5
TechnologyRiff,1
TermLang,3
Terry-Shi,1
Terryhung,1
Teveillan,4
Thaleia-DimitraDoudali,1
Thanchet,1
The-1-7-10-Pack,2
The-WebOps-Club,1
TheClimateCorporation,2
TheCrimulo,1
TheDiggie,1
TheFive,2
TheHandOfNOD,1
TheInvader360,4
TheLarsinator,6
TheOnlyRealTGS,1
ThemeBoy,1
Themekraft,1
Thermondo,10
ThomasPr,4
ThomazL,1
Thundzz,1
Ti4goc,2
TibiaJS,6
Tierage,1
Tiggar,1
TikhomirovSergey,1
Tikitoo,1
Timespace7,1
Timmahh,1
Tinysalt,1
TitanNano,2
ToOLs-PL,5
TomatoGreen,1
Tomcc,1
Tommy-Geenexus,3
TommyByrne,1
TonicArtos,1
Tonvin,1
TooTallNate,1
Tood-yang,7
TortoiseGit,2
Touched,2
Tovarm,1
Tox,4
ToxicBakery,1
Tradair-Repo,1
Traklon,1
TransitApp,1
Trejjam,1
Trial-In-Error,3
Trigonometry-F,3
Trinea,1
TrinityCore,1
Tripurstar,1
TryGhost,2
TsudaKageyu,1
Ttante,1
Turgon37,1
TwidereProject,1
USunOfBeach,3
UieLinux,6
UmpPCPL,1
UnifiedEngineering,2
UnifiedViews,1
UntitledsTakenNOOOO,1
VATECHHUB,1
VEINHORN,1
VP42,1
VPatrick,1
VT1-InterfaceDeSaisieWeb,2
Vaadin-Tunis-Meetup-Group,1
Valloric,2
ValveSoftware,3
VanirAOSP,14
VasiliAnoshin,3
Venemo,1
VictiniX888,1
VictorRodriguez,1
Victorgf87,1
ViennaRSS,2
VinceG,1
Volicon,1
Volkanite,1
VoltDB,1
VooneOfficial,1
Vuidaa,3
WARDOGSK93,3
WJSabey,1
WOYM,1
Wall-Dough,4
Waterstrong,1
WeAreWizards,2
WebCloud,1
WebHostingCoopTeam,1
WebTech7,1
WendellSun,1
Wh0p,1
WhatCD,1
WhatsLab,2
WhiteWolfzzxx,1
Whonix,5
WiFindUs,1
Wil7ang,2
Wilbeibi,1
WillCalderwood,1
WizardFactory,1
Wohlhabend-Networks,2
Wolfenswan,1
Wolfy87,1
WordPoints,1
WorldCretornica,3
WorstPing,1
Woseseltops,2
WuYongZhiYong,4
WuZhuoran,2
Wynncraft,2
XDASADX,1
XHaller,1
XLEvolutionist,1
XUZMA,1
XVimProject,1
Xabin,1
XadillaX,1
Xaviniesta,3
Xerdon,1
Xexanos,4
Xfennec,4
Xianic,1
Xiaodan,3
Xinkai,1
Xirexel,2
XperiaSTE,2
Xtreeem,1
XxWhiterhinoxX,2
Yalantis,1
YangjunZhang,1
YaroslavLitvinov,2
Yellowen,1
Yixiaohan,2
YoavGivati,2
YonM,1
YoshiyukiItoh,2
YueRuo,1
Yulife,3
YuriIvanov,1
YusukeMorishita,2
Z1MM32M4N,1
ZIM555,2
ZSShen,1
Zapaan,2
Zarel,1
ZeeQyu,1
ZeroK-RTS,1
ZhangboTeam,10
ZiqiXiong,1
ZuInnoTe,1
Zubnix,1
ZyTZag,9
a2n,9
a6trs,1
a7813180,1
aadebuger,1
aadushkin,4
aantonop,1
aanufriyev,1
aaps,1
aaronlord,1
abarisain,4
abdelhadikhiati,1
abdennour,1
abdrassoulIssa,1
abeika,2
abesto,1
abh,1
abhardwaj,2
abhinav-garg,3
abhishek4747,1
abridgewater,1
acemaster,2
achiu,1
acmeinfotec,4
acmerfight,1
acspike,1
actionless,1
activeadmin,1
adam518101,1
adamatan,1
adambutler,1
adamkennedy,1
adamralph,1
adamvaughan,5
add-top,2
addsict,4
addyosmani,1
ademberbic,1
adinosaur,1
adirhalely,2
adliska,2
adlpzrmn,4
adneon0,4
adobe,2
adobe-fonts,1
adobo,1
adofsauron,1
adoxa,1
adrai,5
adrelanos,5
adrian-bl-scorpion,1
adrianseeley,2
adrianwebster,1
adsabs,2
adutev,1
aec4d,2
aestasit,1
afaqurk,2
afriggeri,1
afronski,1
agelber,4
aghaniyassin,3
agupta666,2
ahiliation,4
ahmadajmi,1
ahmadhasankhan,2
ahmetgeymen,1
aidora,1
aikidokatech,1
air-labs,1
airbnb,1
airtonix,1
airyland,1
aiya000,3
ajalt,1
ajandera,3
ajcowking,10
ajency,5
ajmendez,2
ajschmaltz,6
akashbachhania,2
akeeba,2
akeneo,1
akerl,1
akfullfo,1
akiokanashiki,1
akitsukikiritsugu,2
akivaschoen,1
akkie,1
akmittal006,1
aktech,1
al3x,2
alaingoldman,1
alama,4
alanarnholt,1
alandipert,1
alanshaw,3
alaviss,1
albera10,1
albert-github,1
alcarney,1
aldacron,1
aleax,1
alebcay,1
aleho,1
alex9r,1
alexander-heimbuch,2
alexander0153,1
alexcodreanu86,4
alexcrichton,5
alexedwards,1
alexger95,2
alexkwolfe,1
alexrj,4
alext79,1
alexw99,1
alexwzk,1
alexz-enwp,1
alexz202,1
alfreddeklerk,1
alfredessa,1
alfsamsung,1
aliaksandr-pasynkau,2
alibaba,2
aliva,1
allain,3
allankliu,1
allen13,1
alliedmodders,1
allista,1
allmobilize,1
almapp,5
almaredan,3
almonk,1
alnutile,4
alonbl,1
alphabetum,1
alphagov,3
alphatam,3
alpinelinux,3
alriddoch,1
alstat,1
alueck,1
alvan,1
alvarotrigo,2
alvatal,1
alvinfrancis,1
alx-eu,2
amaduki,3
amauryfa,1
ames9911,1
amiechen,2
amirarabi,4
amitmbm,1
amitpaul23,1
amrgharbeia,1
amylovesong,1
amytych,6
ana-GT,1
anandrajneesh,1
anbraendle,3
andanteyk,1
andlabs,1
andreasgal,7
andreasots,1
andreganske,1
andreij6,1
andresriancho,5
andrewcooke,1
andrewgregory,1
andrewhercules,1
andrewmcveigh,8
andrewmiro,3
andrewrapp,1
andrewrk,2
andreww,2
andrewwippler,1
andreyrmg,1
andrgig,1
andriantoniades,2
andriesfilmer,1
andris9,1
android,1
android-cn,2
andtrott,1
andy-hiroyuki,6
andymccurdy,1
angular,7
angular-ui,2
angusty,2
anilmwr,2
anirbansAndroidDev,1
annaschechter,1
anroots,1
ansible,2
antares993,1
antdvid,3
anthann,1
anthcolon32,1
anthonyly,1
anticoders,1
antimatter15,1
antirek,2
antoniocapelo,2
antonioribeiro,1
anubiscapstone,1
anurag-ks,1
anyc,2
aoapc-book,1
aol,1
aow1980,2
ap,1
ap-fm,7
apache,22
apascual89,3
apcera,2
apdarshan,1
apeeyush,1
aphyr,1
apigee-127,2
apotonick,1
appota,1
aquakiss,2
arademaker,3
arashpayan,1
archercode,1
archhaskell,1
archibaldovitch,1
arduino,1
argsinn,2
ariel19,4
arielle1,1
arikwestbrook,2
ariok,1
aristorinjuang,4
arisu,1
aritchie,2
ariya,1
arjanhouben,2
arjunguha,1
arkdro,2
arnthor3,1
artisangang,1
artursapek,1
arylon,1
asan59,1
asb2m10,1
asciidoctor,2
aseprite,3
aseredenko,1
asi1024,3
asiekierka,4
aslimani,1
asm-products,2
aspnet,2
assemblymade,1
astaxie,1
astefanutti,1
astuetz,1
asweigart,1
at15,3
atelierspierrot,2
aterreno,1
atheme,2
atiasnir,1
atljeremy,2
atom,6
atomspring,1
atorreno,1
atscepgxmltv,2
attakei,2
atteroTheGreatest,3
atupal,2
auchenberg,2
august782,1
aui,1
aullidolunar,1
auraphp,1
austenito,1
autarky,4
auth0,1
autonomoid,1
avelino,2
aviadsp,2
aviatrix,2
avishayil,5
avnash,2
avsm,1
avuton,2
awslabs,3
awsumben13,1
axemclion,1
ayende,6
ayntest,1
ayoumination,1
azat385,1
azer,1
azu,1
b1592,2
b3457m0d3,3
b3ll,1
b3nj4m,4
backbone,1
baconjs,1
badmonkey,2
bahudso,3
bailoo,1
balabit,1
balajisivaraman,1
baldurk,2
bameda,1
bank123,1
barbatus,1
barbie,2
bardsoftware,1
bareos,1
barneyb,1
barryclark,1
bartPi,1
bartaz,2
bartekkalinka,1
based2,1
basheersubei,2
basill,1
basyura,1
bawejakunal,2
bayendor,3
bb2qqq,1
bbatsov,5
bborbe,2
bcit-ci,3
bcle,1
bclozel,1
beagleboard,2
beckypdata,5
beeman,1
beenikal,1
begriffs,4
bekoeppel,1
belph,2
bemyeyes,3
benanne,1
benedicteb,1
bengladwell,1
benjamincaldwell,1
benlancaster,1
benvanik,1
benweet,1
benweizhu,1
berkmancenter,1
bertifamily,1
bertinatto,1
bestiejs,3
betonme,1
bfontaine,4
bgcngm,1
bgentry,1
bigbigwork,1
bigboringsystem,2
bigokro,1
bigsquirrel,1
bijumon,1
billypu,1
binary10ve,1
binarydave,3
binchensjtu,1
binhoul,6
bionicbone,2
bionode,1
bioops,4
bitbinio,1
bitcoin,7
bitcoinjs,1
bitfrik,1
bitmingw,2
bitpay,2
bitrig,5
bitsandco,1
bitsch,1
bitwiseshiftleft,1
bixuanzju,1
bjornm,1
bkuhlmann,15
bl0ckeduser,1
blackshadowshade,1
blairbonnett-mirrors,1
blakefrost,1
blakgeek,3
blanccarbone,1
blang,2
bling,8
blinktrade,1
blippy,2
bloguenotes,1
blowder,3
bludream,2
bluefeet,3
blueimp,2
blueman-project,5
bluesky-sgao,1
bluesnowman,2
bluetiger9,1
bluhm,3
blurpy,3
bnaskov,4
bni,1
bobdesaunois,9
bobur554396,2
bokuno,2
bombadil7,3
bonega,6
bonono,1
bontibon,1
book,1
boolean93,1
boone,3
boot-clj,3
boot2docker,2
borazslo,2
bordaigorl,1
boricj,1
boriskaiser,1
borutzn,2
bose999,2
bosonic,2
boss-developers,3
boto,4
bottlepy,3
bouil,1
bower,1
boxenjim,1
bpinto,2
bplower,1
bq,1
braathwaate,1
brainopia,1
braintreeps,1
bramp,1
brangea,1
bratislavablue,2
breakwang,1
brendan-duncan,1
brendomaciel,1
brenna,1
brentburg,3
brentonklassen,4
brewfactory,2
briangaid,15
briannesbitt,1
bricksfx,3
britishtea,1
brndmg,1
bro,1
broofa,1
brownman,16
brunnopleffken,1
brunocarvalhodearaujo,28
bryanbraun,1
bsheng,1
bueltge,1
buheryfi,3
bundler,1
buptjz,2
buunguyen,1
buzzdecafe,1
bwtian,1
byt3bl33d3r,1
bytesplit,1
c0state,1
cachethq,26
caigecaige,1
caioaao,1
cake-build,1
cakephp,16
calaos,2
caleb-eades,1
calendall,1
callumW,2
calm04061,2
calong87,1
cambridgehackers,1
camelpunch,1
caminho,2
camlistore,1
campaul,7
candelorimarco,30
cannatag,1
cantino,1
caoxudong,1
capacity4dev,1
caph4,2
capistrano,1
capitaomorte,1
capken,1
capodecima,3
caprica,4
captflint,1
cardeo,1
carlcrott,1
carlosrojaso,2
carltonwhitehead,1
carpedm20,1
carvinma,2
carymrobbins,3
casanovatoy,7
casfire,2
caskroom,2
caspar-chen,1
casser,1
catacs,2
catseye,13
cbpowell,1
ccastorena,1
cchchoi1986,1
ccoenraets,1
cdnjs,5
cdpython,6
cellier,1
cemolcay,1
cenalulu,3
cenotaph,4
centipair,1
ceph,2
cernekee,1
cfalguiere,2
cferdinandi,1
cforth,1
cfpb,2
cgaebel,1
cgeo,2
cgrates,1
ch3cooli,1
cha0s,1
chadyj,3
chancecoin,12
chandley,1
changee,1
changyy,1
chankei,1
chanleong,1
chaos0x8,1
chapmanb,1
chardet,3
chareice,1
checkout-app,1
cheezedigital,1
chekavy,2
chencl0717,1
chengr28,1
chentao,1
chenyangguang,1
chenyc,1
chenyuqing,1
chergert,1
cherylbratt,1
ches,1
chesko256,1
chetanraj,1
chewing,2
cheyang,5
chhe,2
chi-mai2b,3
children19930928,1
chinamobiler,3
chiro,2
chishiki,1
chocolateboy,1
chocolatey,12
choderalab,2
choob207,3
chop-dbhi,1
chotchki,1
chris-roerig,1
chris0103,1
chrisbanes,1
chrisduan,4
chrisfan918,1
chrisharrington,1
christ2go,1
christopherhealy,10
christophgrotz,10
chrisvoncsefalvay,1
chuanxd,1
chunghsien,1
cindylyl,1
cirnocee,8
citra-emu,1
civicrm,2
cjfuller,2
cjh1,1
cjolowicz,3
cjreiner,1
cjwd,1
cjwddtc,1
ckip,1
cklisch,1
claco,1
clandgraf,1
clapyourhouse,1
claudehenchoz,1
clearbit,1
cleardusk,1
cleblond,2
clementine-player,1
cliftonc,1
cliftonm,1
clintm90,4
clockfly,1
clojure,2
cloudflare,1
cloudify-cosmo,88
cloudspokes,1
clowwindy,2
clue-labs,2
cm7sgt,1
cminson,1
cmr,2
cms-sw,2
cmu-db,1
cnpm,1
cnt0,1
cobub,1
cocos2d,2
codebeige,1
codebox,1
codebutler,1
codecombat,1
codectile,2
codef0rmer,1
codefollower,1
codelegend,2
codelucas,1
codemasteroy,1
codemasterschdieve,1
codepath,2
codereader,2
coders-circle,1
codrops,1
coldclimate,1
coldfix,1
colemanw,1
colin-dumitru,1
colinscape,1
colorgy,1
comeon0r,1
commondream,2
commonsmachinery,1
composer,4
conc-at,1
concat,3
concentricsky,1
conda,4
conduit-rust,2
conselio,1
contao-community-alliance,1
conversion-partners,3
coodoing,2
cooltiger,1
copuzzle,1
coreos,4
cormacio100,1
cornplay,2
couchbase,1
coursera,1
coursera-dl,1
cowboysmall,2
cpinto-cb,2
cpipero,1
cpprefjp,3
cptnnick,5
craiglockwood,4
cran,2
crdroidandroid,5
creesch,2
crenz,2
crhym3,1
cricklet,1
cristian99garcia,1
cristianReynaga,1
cristianrgreco,1
cristobaldobranco,1
croberts22,1
crodjer,1
cronopy,1
crosslife,1
csabagaspar,8
cscheiblich,1
cschwede,1
csfrancis,1
cshubhamrao,6
csirtgadgets,3
cslarsen,1
csware,1
cswelin,1
ctcreel,1
ctford,1
ctgboy2010,2
ctrlaltca,2
cuducos,3
cuiyu2012,1
culiao,1
culmor30,1
cvrebert,6
cwRichardKim,1
cweric,1
cython,4
cyysu,3
d-an,4
d-torrance,1
d3rp,1
d3stats,1
d4rkh0rse,1
dEMON-hUNTER,1
dKab,1
daTa-deVil,1
daYMAN007,1
daconex,1
dafi,2
daic-h,1
daimajia,1
daimoniac,1
daix6,1
daleiyang,1
dalzony,3
damianpetla,1
damicore,1
damonfei123,1
dan-lyn,3
dan1elhughes,2
danhantao,1
danialfarid,1
danidemi,1
daniekch,2
danielbayerlein,1
danieldevine,1
danielgp,1
danieliser,1
danielkay,5
daniellitoc,1
danielmagnussons,1
danielmewes,1
danielschuelke,1
danielshama,5
danielweiv,1
dankelley,1
dankempster,14
danpalmer,5
danprince,2
danpros,1
daonb,4
daory,1
daramos,1
daririos,3
dariusbakunas,2
dariusk,1
darkled,2
darklight721,1
darkoperator,1
darktable-org,1
darthvish,1
dartist,1
dashcoin,6
data-tsunami,1
datag,1
datamade,1
datamweb,1
datasektionen,8
dateutil,4
daveho,2
davemess,4
davethecipo,2
daviddenton,1
davideast,1
davidelbe,1
davidgfnet,2
davidpersson,1
davidpng,1
davidsantiago,1
davidturner,1
daviferreira,1
davinkevin,4
davut111,1
dawidkotarba,1
dayok,1
db2882,5
dbanerjee1979,3
dbeyer,1
dbflute,1
dbrgn,1
dbushell,1
dc29,1
dconnolly,1
dcromster,1
dcrosby42,2
ddeboer,1
ddkangfu,2
ddollar,1
deadlyvipers,8
dealport,3
deanmsands3,1
deanperry,1
deathcore01,2
debian-sanctuary,3
debops,4
debug18,3
decodedcreative,1
dedepete,2
dedyk,2
deepakkarki,1
deeperx,8
deepgully,1
def-,1
defusal,3
deis,1
deivid-rodriguez,1
dellermann,1
deltabeard,1
demsey,1
demx8as6,3
den-mentiei,1
dennisdoomen,1
depage,1
depili,1
derekfranks,1
derekgottlieb,1
derekhmd,1
derickbailey,1
derickl,2
derreisende77,1
derv82,1
desandro,2
descent,1
designingsean,1
designmodo,2
dev999,1
devWayne,1
developerworks,1
devinus,1
devos1,1
deweyapp,1
dewolfe,1
dezelin,5
dfcoffin,1
dg,1
dgab,1
dguillot,1
dhg,1
dhimelick,4
diabaths,2
diannt,1
diaspora,1
dibyendumajumdar,3
dictation-toolbox,3
diegotoral,1
diesieben07,1
dighl,2
digitalBush,1
digitalman2112,2
digitalocean,2
digsearch,2
dilshanraja,3
dimhoff,1
dimitri,1
dimsemenov,2
diogomoretti,4
discordianfish,1
divingteng,3
divyeshkharade,1
dizda,1
django,3
django-oscar,1
djbouche,1
djfarrelly,1
djspiewak,1
djyugg,1
dkhamsing,1
dkleinbe,1
dklisiaris,1
dknuth,2
dmcnicks,6
dmf444,4
dmquant,1
dmytrodanylyk,3
dnkn,1
dnotero,1
dnschneid,1
dobarkod,1
dobkeratops,1
dochang,2
docker,5
docker-java,1
dockerboard,1
dockyard,2
doctrine,1
dogecoin,2
dokechin,1
dom96,1
domhnallohanlon,1
dominictarr,1
domnikl,1
dongri,1
doolin,1
dorian-bar,1
dorleosterode,1
double-m,2
douglascrockford,1
dougmercer,2
doxygen,9
dracmas,1
dragondjf,1
dragons-and-bytecode,1
drange,4
dreamlayers,1
dretax,4
drewsdunne,1
drien,1
driftyco,3
drjorgepolanco,5
dropwizard,1
drrb,1
drulang,1
dschen,1
dseg,1
dshafik,2
dstoianov,1
dtan4,2
dtsbourg,1
duanyu47,2
duchuunguyen,1
dukescript,1
duliodenis,1
dumbbell,2
dune-project,1
duoshuo,1
duralog,4
durcheinandr,1
durera,1
dustinliddick,1
dustinupdyke,1
dusty0309,1
dveeden,1
dveezhok,1
dvonrohr,1
dvorka,1
dycforever,2
dypsilon,1
e-jigsaw,4
e-rsh-p,1
eMarco,2
eailfly,2
ealeksandrov,1
eas53testorg,2
easydigitaldownloads,2
easymock,1
ebrian,1
echimezie370waptutorial,2
echocat,7
eckardt,1
eclecticlogic,3
eclipse,4
ecomfe,2
eczarny,1
eddersko,4
eddylamar,1
eduardoboucas,1
edx,3
efwahl,1
egeerardyn,2
ehazlett,1
ehcache,1
eigengo,1
ej0cl6,1
ejaasaari,1
ekowabaka,1
elasticsearch,2
eldarm,1
eldiablolives,2
electerious,2
eleme,1
elemoine,1
elenasa,1
elhmn,1
eliasjhojala,1
elidickinson,1
elixir-lang,4
ellej16,2
elliotcondon,3
ellisonch,1
elmariofredo,1
elmasse,1
elmerwu,1
elsafy,1
emacs-helm,1
emacs-mirror,1
eman41,1
emanuelpalm,4
emaphp,5
emberjs,1
emersion,3
emersonsoares,1
emhoracek,3
emilecaron,3
emirozer,2
emmanuelgautier,2
emmanueltouzery,2
emoncms,1
emposha,1
emrahday,1
emreay-,1
enaqx,3
endel,1
energyos,1
enesk,1
enigma-dev,2
enp,3
entropy9009,2
eolitich,5
eosnewmedia,3
ep092,1
epambench,1
ephe,4
ept,1
eranif,2
eredacokmerke,2
ergusto,1
eri-trabiccolo,1
ericecook,1
ericpkatz,3
ericrasmussen,1
ericvaandering,2
erikgrueter,2
erikreinertsen,1
erlem,1
error414,1
erusev,1
ervandew,1
eslint,2
esneider,1
estevaofon,2
eswaraj,1
eternicode,1
ether,1
ethz-asl,1
euphy,1
ev3dev,1
evant,1
evanx,2
eve-seat,1
evelynting610,6
everit-org,4
eviao,1
evilbinary,1
evildmp,1
evilhero,2
evilmartians,1
ewagatti,2
ewcbyrd,1
ewie,12
expressjs,2
extendedmind,1
exuperok,6
eyallico,4
ezzye,2
f-code,7
f0lik,1
f0rmat1k,1
f1xmAn,2
fSmooth,1
fabianf1,1
fabianpiau,1
fabianroeber,4
facebook,6
facebookarchive,1
fadyhashmi,1
faineance,1
fairdemocracy,11
faisalman,1
falsandtru,1
fan2597,2
fancyblock,1
fangj,1
fashraf,1
fasto,1
fat0troll,1
fathan,2
fatjanhushi,2
fattie,1
faux123,1
fay-jai,1
fbkarsdorp,1
fdelacruz,2
fedwiki,2
feg-giessen,1
feiyunruyue,1
felipebonezi,1
felixge,1
fengweiqi,1
ferentchak,1
fermino,1
fex-dream,1
fex-team,1
fguillot,1
fibo,7
fifahuihua,2
filamentgroup,2
filedzf,2
filip-daca,1
filorin,2
fin-8,8
finbar-crago,1
finnurtorfa,1
fire-eggs,12
firedingo,1
firewood,1
firogh,1
fishin,7
fivedogit,4
fixme-lausanne,1
fiznool,1
fjbelchi,2
fjruizruano,1
fkmclane,1
flackr,1
flarum,4
flatiron,1
flauta,1
flavioc,1
flcoder,5
fleytman,1
flightaware,2
flix-,1
floatdrop,2
flodolo,1
floe,1
floggingdolly,2
floooh,3
flori,2
floriankugler,1
florpor,1
floscher,24
flu1987,3
fluffyfreak,4
fluxer,1
flycheck,1
flyingdeep,1
fmizzell,3
fogleman,1
folklabs,2
fonglh,1
forestrf,1
forhappy,1
formapro-forks,1
forthedamn,1
fortiema,1
foss-np,1
fossasia,3
fouber,1
foxnewsnetwork,2
foxx,1
foxykeep,1
foysalit,1
fpc-svn,2
fpco,2
fqrouter,1
frank-deng,2
frankperez87,8
frasercrmck,1
frdl,2
fre5h,1
freaktechnik,11
fredZen,1
freddier,1
fredrik-johansson,2
freealong,1
freebsd,2
freedomofpress,1
freefouran,2
freemarker,3
freeweibo,1
freewind,1
freifunk-darmstadt,1
frenetic-lang,4
friek723,3
friendica,1
frigg,3
fsist,5
fsprojects,12
ftlsteam,1
fuelphp,60
fugokidi,1
fullstackio,1
funkensturm,1
funkring,2
furukawa00000,1
futuretap,1
fuxiangduan,1
fvilers,2
fxbois,1
fxsjy,1
fzwoch,1
g-lewis,1
g0v,2
g0v-data,1
g2p,2
gabalese,1
gabriel,1
gabriel-laddel,1
gabrielecirulli,1
gabrielemariotti,1
gabrielusvicente,1
gaearon,1
gaggin4shaggin,1
galli-a,1
gambineri,1
gameplay3d,1
gan74,2
ganeshvjy,1
gappsby,1
gareth-rees,1
garnetstar,1
garris,2
garvinob,2
garyrussell,1
gatuno1,1
gaustin,1
gazay,1
gbaldera,1
gbonnema,1
gcao,1
gcc-mirror,1
gchp,1
gdachs,1
gdchamal,1
gebhardm,1
geekCarnegie,1
geekymv,1
geekzy,2
geevi,10
gelstudios,1
gemem,1
genezysg,1
gentoid,1
gentoo-haskell,1
gentoo-science,2
geodynamics,5
geonetwork,1
georgi,1
geosdi,2
geotrellis,1
gerich-home,3
gerigjylbegu,10
gerlachry,1
gershwin,1
gerstrong,1
getify,1
getsentry,1
gfx,1
ggaaooppeenngg,2
gganesan,2
ggobi,1
ggrandes,2
ggreer,1
ggundersen,1
ghaiklor,3
ghalusa,2
ghedlund,1
ghhong0325,7
ghostchina,1
ghukill,1
giampaolo,4
giiade,1
gin-gonic,2
ginatrapani,1
ginbroker,1
gingergerpan,2
gioch,5
gionkunz,2
giorgia-amici,1
git-ftp,1
github,15
gitpython-developers,6
giu1io,1
giuseppecristella,2
gjkf,2
gkbrk,3
glader,3
gladwinbobby,3
glascaleia,2
glittergallery,1
gmac,2
gmatteo,1
gmc-holle,1
gmitov,1
gmmateev,1
gnemoug,2
gnenbu,9
go-amz,4
go-martini,1
goagent,1
gocardless,42
godarklight,1
godber,1
going-digital,1
golang,6
gongchunru,1
google,13
googlecast,1
googlesamples,1
gopherjs,1
gorbin,1
gorhill,6
gorkunov,1
goshoo,1
gousiosg,1
goutnet,1
gphuffman,1
gpmgo,1
gradesystem,2
graemeg,1
grafana,2
grantbrown,1
grantlucas,3
grapefruit623,2
graphaware,1
graphp,5
gratipay,2
graydon,1
graytmatter,3
gre,1
greatfire,25
green-caterpillar,1
greenido,2
greensn0w,1
greg198584,1
greggubben,1
gregkh,4
gregorej,1
gregspurrier,1
gregthegeek,1
grlurton,1
groeck,1
groni,1
grosser,1
growlingchaos,1
grozz,1
grserver,1
gruntjs,1
gsamokovarov,1
gskema,2
gszjulcsi,2
gtsop,2
guang6321,1
guardian,2
gudh,1
guedeWebGate,2
guillaumepotier,1
guillaumewuip,1
guillemborrell,1
guillermooo,1
gulpjs,1
gunesmes,2
guntarspuzulis,3
guohao214,1
guoxx,1
gurucg144,1
gurunars,2
gusennan,1
guyonroche,2
gvaibhav21,1
gvvaughan,5
gwtproject,1
gy001,2
gy910210,2
gy911201,1
gzhangx,1
h2o,1
h4cc,1
h5bp,4
habibalamin,1
habtom,2
hachinobu,1
hack4impact,6
hacken-in,1
hadareanrares,2
hadriandeoliveira,4
haerfest,1
haguenau,1
haithemChkel,1
haluo,1
hamini,2
hammerjs,1
hamzasood,1
handstudio,1
hanhdt,1
hanjos,1
hansj66,2
hanw,1
hapijs,5
haraldsk,4
harikt,2
harish-myaccount,1
hasadna,4
hasehiro25,1
hashicorp,1
haskell,2
hassanrehman,1
hcpups0708,7
hdb3,1
hdiedrich,1
hdj1123,1
headphonesjones,1
heavenboya,1
heavenode,7
hebcal,1
heelhook,1
heike,1
helalyne,12
hellgate13,1
hellgrenj,2
hemingcui,1
henkelund,1
hermanwahyudi,6
herp-a-derp,1
herpiko,1
herrwiese,1
hex7c0,33
hexchat,1
hexiaoke,6
hexojs,1
hexpm,4
heybigname,1
heyunen,3
hhswd,2
hieupm37,1
hig-ag,1
hij1nx,4
hintjens,2
hippyvm,1
hironytic,1
hit9,3
hiunnhue,1
hjhhh3000,2
hjweddieGitHub,1
hkairi,2
hlashbrooke,1
hlin117,1
hltj,1
hlukovac,1
hmatalonga,2
hme1000000,1
hmkcode,1
hochanh,1
hoemoonee,2
hoenirvili,1
hogejiro,1
hoho,1
hola,1
homeway,1
horaci,1
horike37,2
hoshinotsuyoshi,2
hotmailckl,1
houchenxi,1
hpique,1
hpraveen,2
hrbrmstr,1
hrishinene,4
hrydgard,1
hsundar,1
htwchur,1
huayuev5,1
huerlisi,2
hughperkins,3
huguangju,1
huhuanming,1
huichan,1
huirad,2
humboldtux,1
humiaozuzu,1
huntermcmillian,1
huonw,3
huoyao,3
hurik,1
hurricup,1
huser2,1
hushi55,2
hustlzp,1
hwmay,1
hxx,4
hydroshare,3
hyperboloid77,1
hyperoslo,2
hypertexthero,1
hyspace,1
hzlzh,1
i-MSCP,4
i0z,3
i3,1
iBaa,1
iBeliever,1
iBit-Tech,8
iChun,3
iHannibal,3
iOS-7-Lessons,3
iRoachie,2
ialexandrakis,2
iamcm,2
iamjoel,1
iamtanki,1
ianibo,1
ianneub,1
ianrose,1
iblancasa,1
iblech,1
ibnutri,1
ibrahim-alzant,1
icambridge,2
iclc,1
idmillington,1
ienzam,1
ifdattic,1
ifgladlee,1
igari,2
igorw,1
iismd17,1
ikapriz,1
ikeike443,1
ikermugarra,1
ile,14
illuminate,2
iloveponies,3
iluwatar,2
ilxj,5
ilya-lavrenov,2
imathis,1
imgix,1
imhyo,2
imifan,1
imperavi,1
import-this,1
impresspages,1
imrenagi,2
ims21,1
imtherealk,1
imulus,1
imyouxia,2
inc-lc,4
inch-ci,2
indragiek,2
inducer,1
indutny,2
inf0rmer,1
inf123,1
influxdb,3
ingydotnet,1
inisider,1
initor,3
initrunlevel0,2
inkeso,1
ins77,1
insideedgent,2
insin,1
instanceofpro,1
instilled,1
instructure,1
intari,1
intel-hadoop,4
interagent,1
intermine,3
inutano,1
invisibleroads,1
invkrh,1
ios-driver,1
ioscreator,1
ipader,1
ipjohnson,2
iranreyes,1
iremisil,3
irham0019,1
irrationalistic,1
irrigator,3
iruca3,3
irungentoo,1
is3in,1
isayme,1
isislab,1
isluzhishen,1
ismailcseku,2
ismcodes,3
isohuntto,4
israelst,1
isteven,3
isxam,2
it12052,2
itadakimas,1
itbiz,2
itorr,1
itsvenkis,6
itswindtw,2
itzg,6
iu2fish,2
iuliann,5
ivanpopelyshev,1
ivantan,1
ivylabs,1
iwhm,2
izaid,2
izuzero,40
j2sg,1
jaaxxm,1
jackfirth,3
jackpal,1
jackrex,1
jacksyen,3
jackwasey,3
jackzhangpython,1
jacobcalvert,1
jadar,4
jaeggir,1
jaeming,3
jaggyspaghetti,1
jahenn,2
jahia-qa,2
jahvi,1
jakesyl,4
jakewins,1
jakimfett,1
jamal2367,1
jamescarney,1
jamesmontemagno,1
jamesonzimmer,1
jameswyper,1
jamesyong,1
jamiethomas,2
jamiltron,2
jamstarter,1
janakact,1
janaz,1
janbar,1
jancowol,1
janlelis,6
jannickj,1
japaric,2
jarcane,2
jaredmulconry,5
jaredpar,1
jarnokurlin,2
jaromanda,2
jason0037,5
jason2506,4
jasonplett,2
jasontsao0411,2
jathusanT,1
javierarce,1
jayRoney,1
jayhansim,4
jaykumar-globalnorthstar,2
jayrab,1
jbackman,1
jbarrow,2
jbcurtin,2
jbenech,1
jbenet,6
jbreizh,2
jbrudvik,1
jcabi,4
jcalazan,1
jcbbsr,2
jclehner,1
jcores,5
jcwoltz,1
jdalton,1
jdeluyck,2
jdevuyst,1
jdg,2
jdilt,2
jdorleans,2
jean-kim,1
jeanfredrik,2
jeckman,1
jedfoster,2
jedi4ever,1
jeeljasani13,1
jeffbyrnes,1
jeffwaters1,1
jekyll,1
jenkinsci,4
jenseng,1
jerep6,1
jeresig,1
jergason,1
jeroenjanssens,1
jesolem,1
jesseXu,1
jessemillar,28
jessesquires,3
jesusjl,2
jettify,2
jfaneca,1
jfinnis,1
jfpsf,1
jgbrands,1
jgeigerm,1
jgmalcolm,3
jgoerzen,1
jgoewert,1
jgsme,10
jhgann,2
jhipster,2
jiangwei49,3
jianmingyong,1
jibin-jacob-jose,1
jieter,2
jimfoltz,9
jimm,1
jimpatricksullivan,1
jinahya,5
jingyuan4ever,1
jinw-choi,1
jiufreeman,1
jiweigang1,1
jj1bdx,2
jjairola,1
jjk-jacky,1
jjkurczak,2
jjvester,1
jjyo,6
jkchapman,2
jkramer,1
jksr,1
jkuemerle,1
jlagneau,2
jlin028,2
jlord,4
jmapio,2
jmchilton,1
jmmk,1
jmoy,1
jneen,8
jnweiger,1
jodini,2
joechina,1
joelambert,1
joelmwas,1
joephysics62,1
joestox,1
joeyh,1
joeyhipolito,1
johansatge,8
john-,1
john-kolpakov-x,1
johnathanmartin,3
johndem,2
johnjohndoe,1
johnlui,1
johnmay,1
johnpapa,2
johnpolacek,1
johnson19750717,1
johnwilson,3
jokeewu,1
jollaman999,1
jonakand,1
jonanderdev,10
jonasoreland,1
jonathan-beard,1
jonatkins,2
jonreid,1
jonsger,2
joomla,15
jordan23jy,1
jordoncm,2
jordsta95,2
jorisvink,1
josephglanville,1
josephmisiti,2
joshpuckett,1
joshuabg,1
joshwcomeau,1
jostw,1
joxar,1
joyent,3
joyjy,1
jpaulm,1
jpaylaga,1
jperry,1
jpespinal,9
jpetazzo,1
jpmec,1
jpola,5
jpos,3
jprjr,1
jquast,4
jquery,4
jramnani,1
jrm2k6,1
jrossignol,2
js7222,1
jsdelivr,1
jsdelivrbot,1
jshafton,6
jshawl,2
jshint,2
jsm174,1
jspm,94
jtByt-Pictures,4
jtbdevelopment,1
jthang,1
jtharkey,1
ju2ta2,3
jublonet,1
juho-lee,1
juliajansson,3
julianladisch,1
julienetie,1
julienlavergne,5
juliianaa,1
julijak,1
juliusHuelsmann,2
julycoding,1
juniwalk,4
junjiek,1
junwang6302,3
justinas,2
justinj,1
justjanne,4
justjavac,2
jvdl,1
jverdi,1
jvrplmlmn,1
jwaixs,2
jwood,1
jwvg0425,1
jxnblk,1
jyujin,1
jzoldak,2
k--kato,2
k-okada,1
k06a,1
k33nteam,1
kaffee-public,2
kaidez,1
kaikousa,2
kaikreuzer,1
kaiwangchen,1
kaizhu256,5
kaj80,1
kakahu,2
kala55,1
kallisti-dev,1
kaltura,26
kamem,1
kamranahmedse,1
kana,1
kanebishi,1
kaneg,1
kanytu,1
karlstav,1
karolherbst,1
kasparsd,1
katzer,3
kaybueno,2
kayhayen,1
kazniatory,1
kazuki86,1
kbandla,2
kbarbounakis,13
kbc-developers,1
kbeckmann,3
kbengine,2
kchmck,1
kdcc,1
kdzwinel,1
keenon,1
keep94,1
keitakawamoto,2
keithamus,1
kekcvn,1
kellegous,2
kellertuer,5
kellogs,1
kellyi,1
kelseyhightower,4
kelvinh,4
ken-wong,1
ken5scal,1
kencochrane,1
kendaru,1
kenichi-asai,1
kenkov,1
kennethdmiller3,2
kennethreitz,2
kennyledet,2
kensyo,1
kentosasa,1
kerbyfc,1
keren13,2
kerstinkip,2
keum,4
kevenjesus,1
kevinbellinger,1
kevinlanzon,2
kevinlynx,1
kevinmarceloph,1
kevinzhow,1
keystonejs,5
keywhut,1
kgish,1
kgoderis,1
khailey,1
khasinski,2
khcr,1
khealy,3
khibino,2
khizmax,1
khoaofgod,1
khyiu,1
kiesiu,2
kiibohd,1
kikinovak,2
kilim,2
killerswan,1
killfill,2
kimalec,1
kiminozo,1
kimma,1
kimsama,6
kinfen,1
kingarthas37,1
kingmcheung723,1
kingrunes,1
kingsleyh,2
kinopyo,1
kiou,1
kiquetal,2
kivy,1
kiyohoshi,1
kizzjs,4
kjellberg,1
kkachniarz,3
kklabs,2
kkxx,2
klarna,2
klassm,2
klausmeyer,2
klaussilveira,1
klazuka,1
kless,1
klutzy,1
klvh-mb,1
kmargaritis,1
kmcgrath,1
knifeofdreams,3
knopkec,1
knsv,3
knu,1
knupfer,2
knutin,1
koa-modules,1
koajs,1
koalalorenzo,7
kodility,2
koenbok,1
koenkooi,1
koitaroh,1
kokosik1221,4
komasaru,1
kon104,1
konjac,2
konker,1
konoma,1
korczis,7
kordiak,1
korfuri,1
korvin101,1
koshed,1
kostoulhs,3
koturn,1
koustuvsinha,1
kovetskiy,2
kozross,1
kr,1
kragniz,1
krampstudio,1
krams915,1
krico,7
krisajenkins,2
krisrak,2
krnlyng,1
krzysztofzablocki,1
ksanaforge,2
ksh2ksk4,1
ksphp,1
ktanaha,1
ktgw0316,2
kuansim,1
kubrickology,1
kud,1
kulmala,4
kunukn,1
kurron,1
kutlass,1
kuvo1017,2
kvaartz,1
kwiniarski,3
kxmbrian,1
kyean16,1
kyleburton,2
kylejm,1
kylephillips,1
kyriosX,1
kytkemo,3
lab2023,1
ladjzero,1
lailul,2
laktak,4
languitar,1
larant,1
laravel,1
larserikgk,1
laserlemon,1
last-ent,1
latincoin-com,3
lauren,1
laurentj,1
lauthiamkok,1
lautis,6
lavabit,2
lavv17,2
layeh,2
lcmlcmlcm,3
lcrespom,19
lcyan,1
ld86,1
leaningtech,1
lebedov,2
leegould,1
leeon,1
leesuro,1
leethomason,1
leftxs,2
legandy,2
lenguyenthedat,1
lennart0901,1
leokollersacht,2
leolower,1
leonidbondar,2
leonth,1
lepture,1
less,2
letitiaXu,1
letusfly85,1
lexrus,15
lfarrell,1
lfridael,1
lhc180,1
lhorie,1
liamseanbrady,3
libantioch,3
libevent,1
libgdx,1
libretro,2
libyal,16
lichuan,1
liecj3,1
liexusong,1
lifegadget,4
lifeofbrybry,1
lifetyper,2
ligershark,1
lihaoyi,1
lihechao,7
lihuanshuai,1
lijun24455,1
lilianglaoding,3
lilinmao,1
lilutanya,3
limikael,3
lina1812,2
lindagreen,1
lindell,3
lingthio,2
linhcatcat,2
linkedin,1
linkjoy,1
linnovate,3
linux-sunxi,12
linuxbox2,1
linuxmint,2
lioncash,1
liquidvapour,1
lishcu,1
lite3,1
literallycanvas,1
litmon,1
littleguy77,2
littlesat,3
liu0922,1
liuchao0206,2
liupingping,2
liuxu0315,1
liuzesen,2
liveralmask,1
livestyle,1
livid,2
lixian13149999,1
liyanboss,1
lizhancheng,2
lizheyang,7
lj2007331,1
lkairies,2
llissery,3
llmmtt,1
lmbrs,6
lmccart,1
lmis,1
lodash,3
logicminds,1
lognormal,1
logsol,1
lokedhs,1
loki2302,1
loky9000,1
lollipoop,3
lordbron,6
loredanacirstea,4
lorenzobjero,7
lotpb,1
lotus,2
louisch,2
louislzcute,1
lovetoken,2
lowagner,1
loyaltyHF,1
lpereira,2
lrf1992,1
lszhu,1
ltlspeed,1
lucasayat,1
lucasr,1
luckistmaomao,2
luckyyang,2
ludei,2
luigi1015,2
luigino,1
luiscberrocal,1
luisperezphd,1
luj1985,1
luka-k,1
lukechesser,1
lulugyf,2
lummax,4
lunarok,3
luokebi,1
luolinjia,1
luongvinhthao,1
lutzKleiber,1
luutifa,1
lvning,1
lvsl,1
lvyunyi,2
lwis,1
lyftclothing,13
lypan,1
lzjqsdd,1
m2web,2
maandree,1
mabh,1
machchk,1
macoscope,1
madhuracj,2
madrick001,3
madskristensen,1
maeda1150,1
maepon,5
magic4u,1
magicwheel,1
magnumripper,10
mahir163,8
mailpile,3
maio,1
malabya,1
malahx,1
malihu,1
mamaral,1
manev-eng,1
manimaul,1
maniteja123,1
manmyung,2
manojtilekar,2
manopapad,1
manuth,1
manvalls,1
maoberlehner,1
maomaoshu,2
mapillary,4
mapleeit,1
marabesi,2
marce155,3
marcellodibello,11
marco-c,5
marcosps,1
marcottedan,1
marcusbirkin,1
marcusbuffett,3
marcuslonnberg,3
marcuswestin,2
marcwright,1
mariofusco,1
mariten,4
mark-hurlstone,2
markasena,3
markbirbeck,3
markdown-it,1
markets,1
markmaxey,1
markolson,2
markusk,4
markuskiller,1
marso329,1
martin-prillard,1
martin-ueding,3
martinb3,2
martindrlik,3
martinezjavier,1
martinheidegger,3
martinskruze,4
martintrojer,1
maruLoop,1
maruel,2
marvinpinto,13
masanori840816,1
masterlink950,1
matepi,2
mathemage,1
mather013,1
matheusml,1
matheusrocha89,9
mathieuancelin,2
mathieuartu,1
matiwinnetou,1
matjazp,5
matlab2tikz,4
matmuchrapna,1
matplotlib,1
matschaffer,1
matsve,1
mattgwagner,1
matthew-ball,1
mattholl,1
mattjorgs,8
mattohagan,1
mattshaffer11,1
mauriciosoares,1
mauruskuehne,1
mausch,1
mavidser,1
maxsperling5,1
maxvyaznikov,1
maxzheng,1
maybezi,2
mbannert,1
mbcoguno,2
mbosecke,1
mbostock,3
mbreecher,1
mbrochh,1
mcMMO-Dev,1
mcalavera81,2
mcasimir,1
mccomput3rfr3ak,1
mcguffin,2
mcpat,1
mcxiaoke,1
mdaguete,1
mdamt,1
mdt207,2
mdzhang,1
medialize,3
medic,1
medwip,1
meer07,1
meetecho,1
meganemura,7
mejorandolaclase,1
mejsnarv84,1
melpon,1
meltingice,1
memcached,1
memnoch,1
menacher,1
menghuanwd,2
mengqhai,1
mengweidsg,1
mengzyou,1
mentionthewar,1
menuitem,1
mesosphere,1
messense,1
metachronica,1
metalkettle,1
metaphorce,2
mete0r,2
meteor,1
meteorhacks,1
mevlan,5
mfeemster,1
mfrisby,1
mgeoffray,1
mgymrek,2
mhardalov,1
mharris717,1
mhartl,1
mhyfritz,4
miaoever,1
micahyoung,6
michaelfairley,1
michaelleiser,1
michaelschramek,2
michaelvu97,1
michelf,1
michey,2
mickoo,1
microg,1
micropython,3
miguelgrinberg,1
mijoharas,1
mikaelbr,1
mikegleen,1
mikemoraned,3
mikesilvo164,2
mikevalenty,5
mikleee,1
mikobartnicki,2
mikroskeem,1
milk0417,5
milkypostman,4
milosh86,1
mimicloud,2
mindd-it,1
minerva-developers,1
mingqi,2
minimoog,2
minimum2scp,8
minixli,1
mink365,1
minmel,1
mirage,1
mirahs,5
mishoo,1
misoclub,1
misoobu,1
missdeer,2
missionsix,1
mistic100,1
mit-cml,1
mitchellh,1
mitchki,3
mitko100,1
mitsuhiko,1
mitthu,1
miwara,1
miwarin,1
mixi-inc,1
mixkernel,1
mixxxdj,4
mjbalint,1
mjbrender,1
mjn33,1
mkay581,4
mkiken,1
mkoths2,1
mkovacs,4
mmakowski,1
mmattel,2
mmazzei,1
mmb,1
mmdanggg2,5
mmruby,1
mnbob70,1
mne-tools,2
mnefzger,2
mneudert,1
mneumann,1
mnkartik,1
moai,1
mobenar,6
mobiaqua,1
mocaskr,4
moduloteam,2
mofumofu3n,1
mogutt,1
mohamed-ezz,1
mohamedattahri,1
mohit1541990gmailcom,1
mohiva,3
mojo1643,2
mojombo,1
moldcraft,2
moleksyuk,3
molinch,2
momega,1
moment,1
monamonamonad,2
moneymanagerex,1
mongodb,1
mono,4
montagejs,1
montera34,1
monw3c,2
moos,1
moratori,1
mordof,1
morgoth,2
moritz,1
moritzuehling,2
moro88,1
moshi100,1
motapc97,1
mouuff,1
movope,1
mozammel,1
mozilla,16
mpbryant,1
mpigsley,1
mquinson,24
mr-Evgen,1
mrDeadLinez,1
mranostay,1
mraspaud,1
mrbeam,1
mrdoob,2
mrkrstphr,1
mrmrs,1
mrniko,1
mrocklin,2
mrward,2
mrzapp,2
mrzou,1
msaxena2,1
msbone,1
mscdex,1
mscharhag,1
mscottmoore16,1
msiemens,1
msnijder30,1
msrutiv,2
mstoiber,2
mstratman,1
mtakanen,1
mtamilan12,5
mtapnoi,3
mtford90,1
mtfranchetto,1
mts2,9
mtth,1
mudasobwa,2
mulderp,1
muniere,4
mupen64plus-ae,12
murtazaa,1
muscn,1
mustilica,2
mutebg,1
mutualmobile,1
muxator,2
muyehub,1
mvollmer,1
mwclient,1
mwijngaard,5
myarichuk,2
myfreeweb,1
myliu,1
mzaideel,2
mzch,1
mzgol,2
mzungu,2
n1k0,1
nabetama,7
nabezokodaikon,2
nadams,1
nadavwe,3
nadborduedil,2
nagesh-c,3
nahi,1
nahual,2
nakaearth,1
namangoel1,1
namnote,1
nandanrao,1
nanoc,3
nantas,2
narayanaditya95,4
narikin,9
nashjain,1
naspeh,1
nathany,2
natzim,2
naumovs,2
nav2cool,1
nbouteme,5
nccgroup,1
nchaulet,1
ncla,4
nedbat,1
neikeq,1
neil-ca-moore,1
neilcarpenter,1
nelstrom,1
nemerosa,2
nemoTyrant,1
nengo,1
neoinal,1
neokree,1
neosdong,1
neovim,1
neoxygen,3
net900621,1
neuro-sys,1
neuronspikes,2
nevosegal,2
nex3z,1
ngarbezza,1
nghuuphuoc,1
ngrinkevich,1
ngs,3
ngurnani,2
niceue,1
nicktacular,2
nickurt,12
nickwq,1
nicola51980,2
nicolargo,1
nicolasgramlich,1
nicolasstucki,1
niemeyer,1
night,1
nightscout,1
nihalsid,1
nikolaydubina,1
niku,1
nilegsalcin,5
nipy,1
niroshpg,1
niryariv,4
nispok,2
nitish1402,2
niutech,1
niwibe,1
nkarimeddiny,3
nklizhe,2
nkumstc,1
nkxyf,1
nltk,1
nmap,1
nmquirk,2
nning,1
nnnick,2
no1ysc,1
nobe1976,1
nobmurakita,1
nodakai,1
nodegit,1
nodejitsu,1
nodeschool,10
noelslevin,5
nofxx,1
nolimits4web,1
nolsto,4
nominolo,1
nongxiaoming,1
nonumber1989,1
nordlow,2
norio-nomura,1
normalize,1
norman,1
nosami,3
notAPanda,3
notetau,1
notmuch,1
nouon,1
nova-device,1
novacek78,1
novakps,2
novist,2
np511,1
npenin,1
npgsql,1
nriesterer,1
nstrayer,1
ntenhoeve,1
nthachus,1
ntrancha,1
nulldevelopmenthr,7
numpy,5
nvartolomei,1
nvbf,1
nvbn,1
nvd3-community,1
nxjcproject,1
nyholku,1
nylira,1
nytlabs,1
oVirt,1
oVooVo,5
oceanjack,16
ochococo,1
octocat,3
octohost,1
odahovskiy,1
odanado,1
odebeir,1
odoo,1
odysii,1
oe-alliance,1
oehmiche,1
ofZach,3
official-stockfish,3
ofsole,1
ogaksk,1
ogf,1
oggehej,2
ohadlevy,1
ohdarling,1
ohtake,1
okaq,1
okfde,3
oko,1
okomok,1
okulbilisim,1
okuryu,1
olearymj,1
olindata,2
olivertappin,1
olologin,1
omeinelt,3
omergul123,1
omnia-md,4
omnirom,1
omurturan,1
onbjerg,1
ongakuer,1
onlyutkarsh,1
ontoral,2
oogre,1
opachesa,1
oparisy,1
open-classifieds,1
open-rdc,1
open768,1
opencart,1
opencb,1
openclonk,1
openelections,2
openfisca,2
openfl,9
openhab,9
openhatch,1
openhomeautomation,1
openmathdocs,1
openmrs,1
opensource-socialnetwork,1
opensourcebr,1
opentable,1
openwrt,1
ophthal,2
oplopl,2
opscode,2
opscode-cookbooks,2
orafce,5
orbingol,1
orenmazor,1
orionhan,1
ornicar,1
orrabin,1
orta,1
orvinchen,1
osTicket,1
osler,2
oslugr,1
osp,62
osrf,1
otse,1
otterthecat,1
otukutun,1
owaisahmad,1
owncloud,12
owo,1
p-2,1
p-ob,1
p1ch-jp,7
packal,1
paddatrapper,1
padraic,4
padvk,1
pafcu,1
pallavagarwal07,1
pamidur,1
pamods,1
panchaichai,1
pandeiro245,1
pandorabots,2
panique,2
panrafal,1
papers-we-love,2
parallel-forall,1
pari-m,1
parkgrrr,1
partyajak,1
pasupulaphani,1
path,6
patrick-hudson,7
patrickcate,2
patriklindstrom,3
paularmstrong,1
paulasmuth,1
paulburton,1
paulcbetts,7
paulgibbs,2
paulhobbel,3
paulsil,1
pavelfatin,1
pavelski01,2
pbatard,2
pbiecek,1
pcbsd,1
pcchou,2
pchaigno,1
pcwalton,1
pdaddyo,1
pdincau,1
peasandpetals,8
pebble,1
pedant,2
peeterjoot,1
pegjs,1
pelegm,2
penafieljlm,2
pencepay,2
pents90,1
perl6,1
petehunt,1
peter-murach,1
peter-murray,1
peter-mw,1
peteraba,4
peterae86,2
peterbraden,1
peterhellberg,1
peterjcaulfield,1
peterzd,8
peti,2
petkaantonov,1
petrkutalek,5
petroav,2
phacility,2
pharo-project,1
phasenraum2010,1
pheidotting,1
phetsims,1
philc,1
philipbeel,1
philipwalton,1
philipz,2
philss,1
phoeagon,2
phoenixframework,2
phongcachhphop,1
photonstorm,2
php,1
phphost,7
phpmyadmin,6
phpsysinfo,1
phutidus,1
phxql,4
picandocodigo,1
picodotdev,1
pieces029,1
pieroblunda,1
piglikeYoung,1
pingidentity,1
pioneerspacesim,14
pionnertech,3
piotrglazar,1
piotrzalewski,1
pippijn,1
pippinsplugins,2
pisilinux,1
pistolenernie,2
piwik,9
pixelb,1
pjhjohn,1
pjotrp,2
pjungeblut,1
pketh,1
pki-io,2
pkluz,1
pkobrien,7
plancalculus,1
planetguy32,2
plastboks,1
plataformatec,1
play,2
playfulgod,1
playgameservices,1
pld-linux,3
plouc,5
plt,1
plushmonkey,1
pm5,2
pmbhumkar,3
polandeme,1
polarssl,1
poliander,2
polydice,1
polygon-city,2
polysquare,6
pomke,1
pommedeterresautee,1
ponyfleisch,1
pooriaazimi,1
popkirby,1
poschengband,1
postachio,1
postcss,1
postgres,1
postrank-labs,1
pouchdb,20
pouetnet,4
powerline,1
powertac,1
pozadi,4
practicalswift,1
prajogotio,1
prakhar1989,14
prasannaboz,1
prateekagr98,1
pratikborsadiya,2
presidential-innovation-fellows,1
presnick,1
privat,1
proactjs,1
professor,1
programando,2
progrium,2
projectAlice,2
projedi,1
protokolmedia,1
proxmox,2
prtksxna,1
psecio,1
pstysz,1
psychanalyste,2
ptarjan,1
ptrv,1
pulce,1
pulse00,1
pumadong,2
puneetkumaragarwall,3
puneetratan,2
punkave,1
puphpet,1
purescript,2
purnendu-roy,3
pustserg,1
puta37,1
pvbergen,1
pwaring,1
pydata,5
pykiss,1
pylerSM,3
pypa,1
pyqt,4
pyspeckit,2
python,1
python-edinburgh,1
pytoolz,4
qdm,29
qgis,1
qhw,1
qi-qi,2
qianlifeng,2
qiao,1
qinwf,6
qkalantary,1
qolund,1
qos-ch,1
quadwitharm,1
quantopian,2
quantum-os,5
quasado,1
quattor,2
quebec4,1
quhezheng,23
quixing,5
qus1,1
qx,1
qyuhen,1
r0m30,1
r1j0,1
r4ntix,2
r9y9,1
ra1u,2
ra3xdh,1
rabbitvcs,1
rachanta,3
rackerlabs,4
ractivejs,1
radare,1
rafalszulejko,1
ragecryx,1
raguay,2
rahulraj64,1
rahulsprajapati,1
raichoo,3
raichur,1
rail,7
rails,4
railsgirlshh,2
railstutorial,1
rainerschuster,1
rainrambler,1
rainy-im,1
rajasimon,4
rajibmp,4
ramblingsofadev,1
ramesesinc,2
rampage644,1
randomchars,1
ranjan-rk,6
rankjie,1
ranlempow,2
ranqiangjun,1
rapid7,3
raptorjs,3
raryosu,2
rasmuserik,1
raspberry-node,1
raspberrypi,2
rasvob,2
rathena,1
ratpack,2
raymondchandra,2
raynald,1
razvan112,1
rbaudouin,1
rblopes,2
rbyte,1
rcbops,5
rcmdnk,1
rdmueller,1
rdotdk,3
reactiveui,1
real-logic,1
realcome,4
realm,1
rebar,1
rebelos,2
rebus-org,1
reclaimhosting,6
recognite,1
recomio,2
redbrick9,1
redrains,1
reducedtobinary,1
reednj,1
reenigne,1
regonn,2
reinh,1
relatedcode,1
relativebit,4
rembo10,4
remiprev,1
rengwuxian,1
repl-electric,1
requireio,2
requirejs,1
resilient-http,2
restic,1
resume,2
rethinkdb,1
reuove,2
revathskumar,1
revel,2
reviewboard,2
revolvephp,8
rfalke,1
rforge,1
rfyiamcool,1
rg3,2
rgngl,1
riatreppo,2
rice1985,1
richard457,1
richardgrimmett,1
richelbilderbeek,1
richfaces,1
rickinator9,2
rickpeyton,6
rickytan,1
ricuti,1
riddopic,2
riemann111,8
rillomas,1
rimonmostafiz,1
rinmane,1
risatrix,2
rizvankukad,1
rkuo,1
rlf,3
rllynch,3
rmcgibbo,1
rmpacheco,1
rndhro,1
rnelson0,12
roachhd,1
roalts,1
robbiehinch,1
robbiev,1
robbyrussell,1
robertkrimen,1
robertpanzer,7
robertsouthee,1
robfig,1
robin1501,1
robinchenyu,1
robinerkang,1
robmorgan,1
robokurssi-joulu14,5
robotology-playground,1
robotpilot,2
robwhitby,1
rocketraceheroes,11
rogerwang,1
rohithpr,1
rohitpaulk,6
rohitvernekar,1
rojicek,1
rolffokkens,2
rollerworks,4
rom-rb,6
romannurik,1
romixlab,1
ronert,1
ros,1
ros-perception,2
ros-simulation,4
rosindex,1
rossf7,1
rotm987,1
rovo89,12
royhunter,1
royopa,1
rrd108,2
rrees,1
rsahani,3
rsergeant,2
rshevchuk,1
rsms,2
rsnair2,3
rspec,1
rspt,1
rsudev,1
rtCamp,1
ruanyf,1
rubensworks,3
rubenwardy,1
rubeus90,2
rubinius,2
ruby,1
ruby-amqp,1
ruby-av,2
ruby-china,1
rubyclerks,1
rubyspec,1
rumpelsepp,3
runarorama,1
runnymederobotics,1
runspired,1
runtimeverification,1
russgrue,1
rust-lang,18
rvagg,5
rveshovda,1
rwtema,1
ryan-robeson,1
ryanhowdy,3
ryantomlinson,1
rydurham,1
rylabo,1
ryran,4
ryujiin,1
ryutamaki,3
s-p-k,1
s890081tonyhsu,1
s9y,8
sa2ajj,1
sabahulh,1
sabasingh,2
sabir-agadir,1
sabotage-linux,1
sachac,1
saczawap,1
saelo,1
sagemath,1
sahat,1
saipranav,1
sairem,1
sakai-mirror,42
salesagility,3
saltstack-formulas,1
sam-d,1
samdark,1
samdoshi,4
sammcj,1
samplesizeofone,17
samsonasik,1
samsruti,3
samueltardieu,1
sandsmark,1
sankooc,1
sapo,1
saryou,1
sasha1594,1
sass,1
sassy,2
sateffen,1
satheeshsanthosh,2
satoshishimazaki,1
satra,1
saubry,3
saurabh-hirani,2
saurabh6790,2
saw303,3
sawilde,1
sbarb,1
sbeyer,1
sbharadwaj92,1
sbooth,2
sbppy,1
sbrl,1
scalaz,1
scallopedllama,3
schfkt,1
schneiderandre,1
schnipz,2
schteppe,4
schwabe,2
scige,1
scikit-learn,2
scipy,2
scj643,1
scotch-io,1
scottdjwallace,1
scrutinizer-ci,1
scue,1
scut,1
sddm,1
sdelements,1
sdimitro,2
sdouche,3
sdpython,3
sds-st,1
seanbright,1
seanhelvey,2
searchdaimon,1
searls,2
sebastianbenz,1
sebastianjonasson,2
sebastienadam,4
secondfiddle,2
seealla,1
seeker49,3
selendroid,3
semigodking,1
senCoder,3
senny-matrix,1
sepidnam,8
sequelize,4
sergibondarenko,1
serhiybilous,1
serkanyersen,1
servesimple,2
servo,12
sethjohnson1,3
seudut,1
seuros,1
sferik,2
sft-hardwork,2
sggd,3
shadoq,1
shadowsocks,7
shahzad-latif,3
shakesoda,1
shamazmazum,1
shanzi,4
sharat87,1
sharkwouter,1
shasdemir,1
shawnbot,3
shawnkong,1
shbh,2
shdown,2
sheimi,3
shengxinjing,1
shenkarlab,2
shiblon,1
shidenggui,1
shijinkui,1
shimbara,3
shines77,2
shinglyu,1
shining-yang,1
shinnn,7
shipyard,1
shirakiya,2
shivajivarma,1
shixy,1
shlevy,1
shlomizadok,5
shojian,2
shotakaha,2
shsong97,1
shterrett,1
shubaivan,2
shubhamd,1
shuhang,1
shujishigenobu,1
shymega,3
sibahota059,1
sibprogrammer,1
sickill,1
siegessa,1
sierra2501,2
sigmavirus24,3
siigna,1
silentbay,3
silexphp,1
silverpower,5
simax,1
simonask,4
simonbrandhof,1
simonct,1
simplement-e,2
simplyianm,2
simultechnology,1
sinatra,1
sindresorhus,3
siniusxcode,1
sirkkalap,2
sirmmo,1
sirprize,2
sirref,1
sis0k0,5
sistem442,2
sivasg8k,1
sivir,8
sixthStation,1
sjahl,1
sjdy521,1
sjf0115,1
skaes,4
skatsuta,4
skaut,1
skeleten,2
skimia,1
skirpichev,3
skittles1,3
sko,1
skryl,1
skuro,1
skuumm,4
skvoz,2
skyhills13,7
skylerzhang,1
skywalker19,1
slackhq,1
slerpy,1
slightlyoffbeat,1
slingzor,1
slluis,2
sloe,1
slok,1
slonia,1
sloria,1
smadeira,1
smalot,1
smarty-gettext,1
smealum,1
smnicolas,1
smobley62,1
smspillaz,4
snak3ater,1
snapframework,1
sndsgd,2
sniperHW,1
snorpey,1
snowbeto,2
snowdream,1
snowplow,1
snowyu,1
socia-platform,1
socketstream,1
soffes,3
sofianugraha,2
solgenomics,2
solnic,1
solra,3
soltex,1
soma5mbaas,1
somaopensource,1
somenxavier,2
songsongdahu,4
songzigw,2
soomla,1
sorlok,1
sorra,2
sortex,1
sosohu,2
soumyajyotiask,1
soundcloud,1
spacebaboon,1
spadgenske,1
spark,2
spatio-temporal-cloud,3
speckcommerce,2
speedcat007,2
spezi77,3
spf13,6
spikebrehm,1
spmjs,2
spring-projects,11
sprtid,1
sprunk,1
squeek502,1
sratix,2
sreichholf,1
srijanshetty,5
srinivasmangipudi,2
srjohn,1
sshuttle,1
sshwsfc,1
ssir,1
ssmail,1
sssemil,1
sstephenson,2
sstok,1
ssuman,1
ssvb,4
ssx,1
st0012,1
stackforge,2
stackgl,1
stalinizer,1
staltz,5
standy,1
star826,1
starjedy,1
starzou,1
statkclee,2
statsmodels,2
stazos,1
steelbrain,7
stef2georg,1
stefafafan,2
stefanius,2
stefanjauker,1
stefioan,4
stefobark,5
steinarvk,2
stenrap,2
stephanebeaulieu,1
stephennancekivell,1
steveeric,1
steveklabnik,1
stevencombs,2
stevencorona,1
stevenocchipinti,1
stevensouza,2
stfx,1
stig,1
stijnblommerde,2
sting2me,1
storages,1
stormzhang,1
stretchr,2
strin,3
strukturag,1
strycore,1
sttts,2
stuartshay,1
stubbornella,1
stubma,3
studio-ousia,2
stungeye,2
stwe,1
su-github-machine-user,1
suavesav,2
sub2home,2
subhrajitroy,1
subler,1
submarines-and,2
substack,4
sudhirbitsgoa,1
suer,1
sukso96100,1
sulrich,1
sum2012,1
sumatrapdfreader,1
sunTimer,1
sunamo,3
sundaymtn,4
suneg,4
sunesimonsen,1
sunhang,1
sunilrebel,1
sunpengsdu,1
sunwaylive,1
sunyc,1
superMsp10,1
superlloyd,1
superlucky84,2
supermarin,1
supermat,4
supermomonga,1
suprafly,6
surikat,2
suruga,1
suyan,1
svera,2
svineet,1
svisser,5
svx,1
swannodette,1
swcarpentry,1
sweetdistraction,1
swegener,2
swlfzms,1
swoole,1
swxy,1
syam2680,1
syl20bnr,1
sylvanaar,1
symfony,5
symphonycms,1
sympy,10
synarete,1
synopse,1
syon,2
sys9kdr,1
syssys123,5
systemjs,2
szunyi77,1
t-recx,1
t94j0,1
t9md,1
tabalinas,3
tabris1298,1
tachikomapocket,1
tadija,1
tagged,1
taigaio,1
tailrecursion,1
tajihiro,1
takeshik,2
taktik,1
talrez11,1
tamil1,4
tanakasan2525,1
tanarky,1
tandrewnichols,1
tanvirpathan,14
tarball69,3
tarek-salah,1
tarekziade,4
tario,1
tarma,2
tarsius,2
tastejs,1
taukir4u,4
taylorhxu,16
tazotodua,1
tbates,1
tcd-swift,2
tchwork,1
tdg5,4
tdkhoa110802,1
tdt,2
team1310,1
teamwall,3
tebeka,1
techfort,1
tectonic,1
teddy-hoo,1
teesalmi,3
tehnn,4
tejitak,1
tekhuy,2
telehash,2
tell-k,2
templefox,1
tenant,1
tenderlove,3
tengqm,3
tengrui,1
tenkoma,5
tennashi,3
tensai-cirno,1
tensor5,1
tenstartups,2
terebentina,1
tetzank,2
tewinget,1
texhex,1
tg123,2
tgalal,1
tgaloppo,1
tgstation,15
tgulacsi,1
th-in-gs,1
thatJavaNerd,1
the-lambda-church,3
the-snatch,2
the-tcpdump-group,1
the42guy,1
thearn,1
thecanarycollective,1
thedoritos,1
theetcher,1
theheroofvn,1
theleagueof,1
thenigan,1
theonion,1
thephpjo,1
thephpleague,1
thessrb,1
thetobby,12
thiagomonteiro,1
thijsjuuhh,1
thilong,1
thinkpixellab,1
thinktecture,3
thinktwor,2
thirdcreed,1
thisismN,4
thnkloud9,1
thomasbabuj,1
thoughtbot,2
thpr,2
thx,1
thymeleaf,1
tiancaiamao,1
tianlixu,3
tianmajs,1
tiarno,1
ticapix,2
ties,2
tigoe,1
tihansen,3
timdown,1
timgraham,2
timholy,1
timjb,1
timkurvers,1
timocramer,1
timof,5
timoxley,6
tinesoft,1
tingley,1
tinglit,3
tinnulion,1
tinuxin,3
tinymins,1
tirtawr,1
tiwatson,4
tj,3
tjhei,1
tjpnz,1
tjwudi,5
tkasu,1
tkellen,11
tkf,1
tkralphs,1
tmek,1
tmochida,2
tmthyjames,1
tnog2014,1
tobegit3hub,3
tobiasahlin,2
tobinquadros,2
toddmotto,1
tokaido,1
tokar-a-v,1
tokichie,1
tokyoshells,2
tom--bo,1
tomaka,1
tomaz,1
tomchristie,2
tomdionysus,1
tomhsu1990,2
tomigungun,1
tomlerendu,4
tommy351,1
tomoki,1
tompascall,1
tomprimozic,1
tomtung,1
tonkachi,1
tonymorris,1
toopay,10
toranb,1
torgtaitai,1
torvalds,1
toshiyukihina,3
totallylegitbiz,1
tottokotkd,3
toubou91,1
toulousain79,2
tparisi,1
tpetricek,9
tpope,4
tqchen,1
traex,1
trakt,1
translate,1
tranxuanthu,1
travis-ci,2
treckstar,1
treeio,1
trees-software,1
trek,2
tremblane,1
trifacta,1
tripalocal,1
tripledev,1
tristanoneil,3
tritri,1
trommler,1
trungtan,1
trustedsec,1
trydis,10
tsaoko,3
tsara27,2
tschaub,1
tschaumburg,1
tschellenbach,1
tschortsch,3
tsgates,1
tshaffer,1
tsloughter,1
tsu-nera,3
tsuchikazu,1
tsukumaru,1
tsuru,3
ttezel,1
ttilley,2
ttitto,1
ttmmghmm,7
ttpekkan,1
tttwwy,1
tugberkugurlu,1
tui2tone,1
tullamods,3
tumluliu,1
turanuk,1
turner,2
turnipsoft,1
tuvokki,2
tuwien-geoweb,2
tux3,1
tuxcanfly,1
tuxcoindev,1
tvheadend,1
twbs,3
twcook,1
twillis,3
twitter,7
txthinking,1
tych0,1
tychio,1
tylerchurch,2
tylerrash,4
tylertreat,1
typelift,1
typesafehub,1
typescript-ninja,3
typicode,2
typpo,5
tziblog,2
tzinfo,1
u8sand,5
ubenzer,6
uckhandla,5
ucoin-io,1
udacity,1
uechoco,1
ugochimbo,2
uikit,5
ujhgj,3
ukdtom,1
uklotzde,2
uksitebuilder,1
ulisescontreras,4
ullabrittandersson,1
ultijlam,3
ultramancool,1
ummels,1
umzk,1
underdrifter,1
underworlds,1
unetman-git,1
unhammer,4
unluisco,1
unnamed-idea,6
unpause,4
untitaker,4
untra,1
unturnedROCKS,2
upkanet,1
upsilon,3
uptownvocal,3
uranusjr,2
urho3d,1
uribo,1
urish,1
uroni,2
usandfriends,1
usausaco,1
usbookmarket,4
ushahidi,2
usnistgov,3
uutan,2
uva,1
v4ekmarev,3
v8,1
vadzim,5
vainolo,1
valeriangalliat,1
valnet,3
vanakenm,1
vandersonmota,1
vandres,1
vanous,1
vantu5z,1
vanvught,3
vapkse,2
varavan,1
varunamachi,1
vascon8,1
vatsaaa,11
vattenmelon,1
vecna,4
veeyo,2
velnias75,4
venomous0x,1
vericred,1
vertoe,2
verybigman,1
vgrec,1
vhf,1
vicever,2
vickychijwani,3
victorhaggqvist,3
videolan,1
viewflow,1
vifm,1
vigneshmanix,1
vigneshrajkumar,1
vijinho,1
vikmeup,1
viktorasm,4
viljoviitanen,1
vincentarelbundock,1
vincenthz,3
vincentjiang,1
vincentriemer,2
vincium,1
vine-comment,1
vinhboy,1
vinhtho,1
viniciusfeitosa,1
vinta,5
vintechnosys,1
violet-hill,2
viralgraphics,2
virtdevninja,3
virtualanup,2
vishvananda,1
visionmedia,1
vispy,1
vitalets,1
vivekaris,1
vivisect,2
viz3,2
vkbansal,8
vldmalov,2
vmg,1
vn-tools,2
vocatus,1
voidrank,1
volneyrock,1
voltrb,1
vonavi,1
voran,3
vpg,15
vsouza,1
vstakhov,2
w8rbt,1
wSedlacek,8
wa120,6
wadeallen,3
wagn,2
wahhid,4
waigo,1
waikitlin,1
walac,1
walkboy0602,3
walker1009,1
wallabag,1
wallarelvo,1
wallcreeper,1
walmik,2
wandoulabs,1
wangfupeng1988,1
wanghaogithub720,1
wanglongqi,2
wangyan9110,2
wangyang602117818,6
wangyeye,2
wangyiyang,1
wardrobecms,1
warmsea,2
wasabeef,21
wassimahmed,1
water0426way,4
wathcosmo,1
watilde,2
wayerr,1
waynehoover,1
wbb,2
wbhurst3,2
wbsking,1
wcx730916119,1
wditch,1
weAreYeah,1
weakboson,2
weakish,9
webcomm,2
webislife,1
webpy,1
websharks,16
webwarejp,1
wechat-distribution,7
wehere,1
weichsem,1
weiliy,2
weini37,5
wellcart,2
wellsriley,1
welovecoding,6
wemstar,2
wenpkpk,1
wenzhixin,2
wenzi0github,1
weshellnet,2
wezhunter,1
wgroeneveld,1
wh3198,1
whackashoe,1
whatwg,1
wheam,2
wheresmybento,1
wheresrhys,1
white-cap,1
whitedrop,3
whiteineyes,9
whitingjp,3
whoknows,1
wibbe,1
wikimedia,8
wildfire001,3
wildlyinaccurate,1
wilkart,1
willdollman,2
willfarrell,1
willholley,3
williamh,1
willmorgan,1
willsowerbutts,1
wilsonge,2
windelicato,1
wine-compholio,3
winebarrel,1
wingyplus,1
winterbe,2
wiremod,3
wix,3
wkcool,1
wmst,7
wojons,1
wolfgangjoebstl,1
wordpress-mobile,1
woshiol,2
wowdd1,1
wp-papi,3
wp-plugins,9
wrldwzrd89,8
wtx358,1
wuethrich44,1
wuye9036,1
wuzhugan,2
wvu-r7,1
wyldckat,1
wyldstallyns,1
wyouflf,1
x-f2e,1
x-tag,1
xDae,1
xRoker,1
xamarin,1
xaverW,1
xbili,1
xbmc,3
xbony2,1
xcatliu,1
xckevin,1
xcoole,1
xemul,1
xenim,8
xenodium,2
xenolightning,1
xeranas,1
xflow,1
xieyajie,1
xinzhengzhang,1
xiph,1
xiprox,1
xiyouMc,1
xkollar,3
xl19870217,1
xliangwu,3
xnth97,1
xoxco,1
xoyip,2
xpadro,1
xpdlf1004,1
xqwztis,1
xsmart,1
xsoameix,2
xtuaok,2
xu-cheng,1
xuanskyer,1
xuhangyi,1
xuhf,2
xujiaao,1
xuleoBJ,1
xuyuanxin,1
xuyue531,4
y-components,4
y-o-k-a-i,1
yCanta,1
yadsn-developers,1
yahoo,1
yan12125,1
yanghonglin,2
yangnuri,7
yann-morin-1998,2
yaoyao-cn,1
yasaricli,1
yath,2
yatsukhnenko,1
ycswaves,3
ydclxhltt,1
yeaske,1
yeasy,1
yegor256,1
yemel,2
yeoman,12
yexingzhe,1
ygm125,1
yhfyhf,1
yhoonkim,1
yihui,1
yii2-chinesization,1
yiichina,1
yiisoft,16
yinghuocho,1
yiransheng,2
yishn,3
yixuan,2
yiyizym,1
ykako1,2
yl-1993,1
ylee2,1
yllan,1
ymizushi,1
yogeshpaul,1
yoheiMune,4
yoni-mor,3
yonidor,2
yootk,1
youngchullee,1
youngshook,2
yous,1
yousom,2
ysb33r,16
ysmood,1
ytai,1
ytkt,1
yuankui,6
yuanzm,1
yuhki50,6
yui,2
yundream,1
yunqy,1
yuppielabel,1
yuriks,1
yuroyoro,1
yutainoue0077,2
yuyakaido,1
ywzhaiqi,2
yxcvincent,1
yzf,2
zJiaJun,1
zachbornheimer,1
zachsnow,2
zackCzy,1
zackbrown,1
zakk666,1
zbobyuan,1
zbtomicron,1
zear,3
zebMcCorkle,3
zecure,1
zeffii,3
zelinskiy,1
zendframework,64
zendream,1
zenja,1
zenorocha,1
zensartest,1
zensh,1
zeplovitch,1
zeroclipboard,2
zeromq,3
zeta0134,1
zetsevs,1
zettio,1
zgm,4
zh-google-styleguide,1
zhaihao,2
zhang3,1
zhangbz,2
zhangchu,1
zhangkai365,1
zhangolve,1
zhangxinxu,2
zhaoda,1
zhaozhiming,2
zhenghongzhi,1
zhengmatk,1
zhihu,4
zhimengSun,1
zhiyelee,1
zhko11993,3
zhou---jing,3
zhouzhi2015,1
zhugino,2
zhujingdao520,1
zhulingjun,1
zhupeijun,1
zhuzeze213,1
zhwdm,1
zhxnlai,1
ziahamza,1
zidom,1
zieglerca,1
zilong-thu,1
zilverline,2
zisi,1
zither,1
zjjzyl,1
zlkca,2
zoglesby,1
zoltaare,1
zoonooz,1
zopefoundation,1
zordius,6
zouxiaohang,1
zpixel,1
zunda,1
zurb,1
zxing,1
zxlie,2
zyanguml,2
zz85,3
zz9pzza,1
zzsme,3
zzzeek,1
